-- phpMyAdmin SQL Dump
-- version 5.2.0
-- https://www.phpmyadmin.net/
--
-- Host: localhost
-- Generation Time: Feb 24, 2023 at 04:07 PM
-- Server version: 5.7.41-0ubuntu0.18.04.1
-- PHP Version: 8.0.27

SET SQL_MODE = "NO_AUTO_VALUE_ON_ZERO";
START TRANSACTION;
SET time_zone = "+00:00";


/*!40101 SET @OLD_CHARACTER_SET_CLIENT=@@CHARACTER_SET_CLIENT */;
/*!40101 SET @OLD_CHARACTER_SET_RESULTS=@@CHARACTER_SET_RESULTS */;
/*!40101 SET @OLD_COLLATION_CONNECTION=@@COLLATION_CONNECTION */;
/*!40101 SET NAMES utf8mb4 */;

--
-- Database: `nzbitcoiners`
--

-- --------------------------------------------------------

--
-- Table structure for table `ChangeSet`
--

CREATE TABLE `ChangeSet` (
  `ID` int(11) NOT NULL,
  `ClassName` enum('SilverStripe\\Versioned\\ChangeSet') CHARACTER SET utf8mb4 COLLATE utf8mb4_unicode_ci DEFAULT 'SilverStripe\\Versioned\\ChangeSet',
  `LastEdited` datetime DEFAULT NULL,
  `Created` datetime DEFAULT NULL,
  `Name` varchar(255) CHARACTER SET utf8mb4 COLLATE utf8mb4_unicode_ci DEFAULT NULL,
  `State` enum('open','published','reverted') CHARACTER SET utf8mb4 COLLATE utf8mb4_unicode_ci DEFAULT 'open',
  `IsInferred` tinyint(1) UNSIGNED NOT NULL DEFAULT '0',
  `Description` mediumtext CHARACTER SET utf8mb4 COLLATE utf8mb4_unicode_ci,
  `PublishDate` datetime DEFAULT NULL,
  `LastSynced` datetime DEFAULT NULL,
  `OwnerID` int(11) NOT NULL DEFAULT '0',
  `PublisherID` int(11) NOT NULL DEFAULT '0'
) ENGINE=InnoDB DEFAULT CHARSET=latin1;

--
-- Dumping data for table `ChangeSet`
--

INSERT INTO `ChangeSet` (`ID`, `ClassName`, `LastEdited`, `Created`, `Name`, `State`, `IsInferred`, `Description`, `PublishDate`, `LastSynced`, `OwnerID`, `PublisherID`) VALUES
(1, 'SilverStripe\\Versioned\\ChangeSet', '2023-02-22 10:02:30', '2023-02-22 10:02:30', 'Generated by publish of \'Your Site Name\' at Feb 22, 2023, 10:02 AM', 'published', 1, NULL, '2023-02-22 10:02:30', '2023-02-22 10:02:30', 0, 1),
(2, 'SilverStripe\\Versioned\\ChangeSet', '2023-02-24 12:59:12', '2023-02-24 12:59:12', 'Generated by publish of \'Your Site Name\' at Feb 24, 2023, 12:59 PM', 'published', 1, NULL, '2023-02-24 12:59:12', '2023-02-24 12:59:12', 0, 1),
(3, 'SilverStripe\\Versioned\\ChangeSet', '2023-02-24 13:01:00', '2023-02-24 13:01:00', 'Generated by publish of \'Your Site Name\' at Feb 24, 2023, 1:01 PM', 'published', 1, NULL, '2023-02-24 13:01:00', '2023-02-24 13:01:00', 0, 1),
(4, 'SilverStripe\\Versioned\\ChangeSet', '2023-02-24 13:02:14', '2023-02-24 13:02:14', 'Generated by publish of \'Your Site Name\' at Feb 24, 2023, 1:02 PM', 'published', 1, NULL, '2023-02-24 13:02:14', '2023-02-24 13:02:14', 0, 1),
(5, 'SilverStripe\\Versioned\\ChangeSet', '2023-02-24 13:02:36', '2023-02-24 13:02:36', 'Generated by publish of \'Your Site Name\' at Feb 24, 2023, 1:02 PM', 'published', 1, NULL, '2023-02-24 13:02:36', '2023-02-24 13:02:36', 0, 1),
(6, 'SilverStripe\\Versioned\\ChangeSet', '2023-02-24 13:17:08', '2023-02-24 13:17:08', 'Generated by publish of \'Your Site Name\' at Feb 24, 2023, 1:17 PM', 'published', 1, NULL, '2023-02-24 13:17:08', '2023-02-24 13:17:08', 0, 1),
(7, 'SilverStripe\\Versioned\\ChangeSet', '2023-02-24 13:17:28', '2023-02-24 13:17:28', 'Generated by publish of \'Your Site Name\' at Feb 24, 2023, 1:17 PM', 'published', 1, NULL, '2023-02-24 13:17:28', '2023-02-24 13:17:28', 0, 1),
(8, 'SilverStripe\\Versioned\\ChangeSet', '2023-02-24 13:17:55', '2023-02-24 13:17:55', 'Generated by publish of \'Your Site Name\' at Feb 24, 2023, 1:17 PM', 'published', 1, NULL, '2023-02-24 13:17:55', '2023-02-24 13:17:55', 0, 1),
(9, 'SilverStripe\\Versioned\\ChangeSet', '2023-02-24 13:19:32', '2023-02-24 13:19:32', 'Generated by publish of \'Your Site Name\' at Feb 24, 2023, 1:19 PM', 'published', 1, NULL, '2023-02-24 13:19:32', '2023-02-24 13:19:32', 0, 1),
(10, 'SilverStripe\\Versioned\\ChangeSet', '2023-02-24 13:21:51', '2023-02-24 13:21:51', 'Generated by publish of \'New Elemental Page\' at Feb 24, 2023, 1:21 PM', 'published', 1, NULL, '2023-02-24 13:21:51', '2023-02-24 13:21:51', 0, 1),
(11, 'SilverStripe\\Versioned\\ChangeSet', '2023-02-24 13:21:56', '2023-02-24 13:21:56', 'Generated by publish of \'New Elemental Page\' at Feb 24, 2023, 1:21 PM', 'published', 1, NULL, '2023-02-24 13:21:56', '2023-02-24 13:21:56', 0, 1),
(12, 'SilverStripe\\Versioned\\ChangeSet', '2023-02-24 13:22:02', '2023-02-24 13:22:02', 'Generated by publish of \'New Elemental Page\' at Feb 24, 2023, 1:22 PM', 'published', 1, NULL, '2023-02-24 13:22:02', '2023-02-24 13:22:02', 0, 1),
(13, 'SilverStripe\\Versioned\\ChangeSet', '2023-02-24 13:23:21', '2023-02-24 13:23:21', 'Generated by publish of \'New Elemental Page\' at Feb 24, 2023, 1:23 PM', 'published', 1, NULL, '2023-02-24 13:23:21', '2023-02-24 13:23:21', 0, 1),
(14, 'SilverStripe\\Versioned\\ChangeSet', '2023-02-24 13:39:19', '2023-02-24 13:39:19', 'Generated by publish of \'New Elemental Page\' at Feb 24, 2023, 1:39 PM', 'published', 1, NULL, '2023-02-24 13:39:19', '2023-02-24 13:39:19', 0, 1),
(15, 'SilverStripe\\Versioned\\ChangeSet', '2023-02-24 13:39:54', '2023-02-24 13:39:54', 'Generated by publish of \'New Elemental Page\' at Feb 24, 2023, 1:39 PM', 'published', 1, NULL, '2023-02-24 13:39:54', '2023-02-24 13:39:54', 0, 1),
(16, 'SilverStripe\\Versioned\\ChangeSet', '2023-02-24 13:40:06', '2023-02-24 13:40:06', 'Generated by publish of \'New Elemental Page\' at Feb 24, 2023, 1:40 PM', 'published', 1, NULL, '2023-02-24 13:40:06', '2023-02-24 13:40:06', 0, 1),
(17, 'SilverStripe\\Versioned\\ChangeSet', '2023-02-24 13:43:27', '2023-02-24 13:43:27', 'Generated by publish of \'New Elemental Page\' at Feb 24, 2023, 1:43 PM', 'published', 1, NULL, '2023-02-24 13:43:27', '2023-02-24 13:43:27', 0, 1),
(18, 'SilverStripe\\Versioned\\ChangeSet', '2023-02-24 13:43:37', '2023-02-24 13:43:37', 'Generated by publish of \'New Elemental Page\' at Feb 24, 2023, 1:43 PM', 'published', 1, NULL, '2023-02-24 13:43:37', '2023-02-24 13:43:37', 0, 1),
(19, 'SilverStripe\\Versioned\\ChangeSet', '2023-02-24 13:48:04', '2023-02-24 13:48:04', 'Generated by publish of \'New Elemental Page\' at Feb 24, 2023, 1:48 PM', 'published', 1, NULL, '2023-02-24 13:48:04', '2023-02-24 13:48:04', 0, 1),
(20, 'SilverStripe\\Versioned\\ChangeSet', '2023-02-24 13:48:16', '2023-02-24 13:48:16', 'Generated by publish of \'New Elemental Page\' at Feb 24, 2023, 1:48 PM', 'published', 1, NULL, '2023-02-24 13:48:16', '2023-02-24 13:48:16', 0, 1),
(21, 'SilverStripe\\Versioned\\ChangeSet', '2023-02-24 13:48:33', '2023-02-24 13:48:33', 'Generated by publish of \'New Elemental Page\' at Feb 24, 2023, 1:48 PM', 'published', 1, NULL, '2023-02-24 13:48:33', '2023-02-24 13:48:33', 0, 1),
(22, 'SilverStripe\\Versioned\\ChangeSet', '2023-02-24 13:55:39', '2023-02-24 13:55:39', 'Generated by publish of \'#1\' at Feb 24, 2023, 1:55 PM', 'published', 1, NULL, '2023-02-24 13:55:39', '2023-02-24 13:55:39', 0, 1),
(23, 'SilverStripe\\Versioned\\ChangeSet', '2023-02-24 13:57:27', '2023-02-24 13:57:27', 'Generated by publish of \'Bitkiwi IV - Christchurch, NZ\' at Feb 24, 2023, 1:57 PM', 'published', 1, NULL, '2023-02-24 13:57:27', '2023-02-24 13:57:27', 0, 1),
(24, 'SilverStripe\\Versioned\\ChangeSet', '2023-02-24 14:03:45', '2023-02-24 14:03:45', 'Generated by publish of \'Queenstown, NZ\' at Feb 24, 2023, 2:03 PM', 'published', 1, NULL, '2023-02-24 14:03:45', '2023-02-24 14:03:45', 0, 1),
(25, 'SilverStripe\\Versioned\\ChangeSet', '2023-02-24 14:08:02', '2023-02-24 14:08:02', 'Generated by publish of \'New Elemental Page\' at Feb 24, 2023, 2:08 PM', 'published', 1, NULL, '2023-02-24 14:08:02', '2023-02-24 14:08:02', 0, 1),
(26, 'SilverStripe\\Versioned\\ChangeSet', '2023-02-24 14:08:26', '2023-02-24 14:08:26', 'Generated by publish of \'New Elemental Page\' at Feb 24, 2023, 2:08 PM', 'published', 1, NULL, '2023-02-24 14:08:26', '2023-02-24 14:08:26', 0, 1),
(27, 'SilverStripe\\Versioned\\ChangeSet', '2023-02-24 14:08:35', '2023-02-24 14:08:35', 'Generated by publish of \'New Elemental Page\' at Feb 24, 2023, 2:08 PM', 'published', 1, NULL, '2023-02-24 14:08:35', '2023-02-24 14:08:35', 0, 1),
(28, 'SilverStripe\\Versioned\\ChangeSet', '2023-02-24 14:11:50', '2023-02-24 14:11:50', 'Generated by publish of \'New Elemental Page\' at Feb 24, 2023, 2:11 PM', 'published', 1, NULL, '2023-02-24 14:11:50', '2023-02-24 14:11:50', 0, 1),
(29, 'SilverStripe\\Versioned\\ChangeSet', '2023-02-24 14:14:22', '2023-02-24 14:14:22', 'Generated by publish of \'New Elemental Page\' at Feb 24, 2023, 2:14 PM', 'published', 1, NULL, '2023-02-24 14:14:22', '2023-02-24 14:14:22', 0, 1),
(30, 'SilverStripe\\Versioned\\ChangeSet', '2023-02-24 14:15:08', '2023-02-24 14:15:08', 'Generated by publish of \'New Elemental Page\' at Feb 24, 2023, 2:15 PM', 'published', 1, NULL, '2023-02-24 14:15:08', '2023-02-24 14:15:08', 0, 1),
(31, 'SilverStripe\\Versioned\\ChangeSet', '2023-02-24 14:16:44', '2023-02-24 14:16:44', 'Generated by publish of \'New Elemental Page\' at Feb 24, 2023, 2:16 PM', 'published', 1, NULL, '2023-02-24 14:16:44', '2023-02-24 14:16:44', 0, 1),
(32, 'SilverStripe\\Versioned\\ChangeSet', '2023-02-24 14:17:57', '2023-02-24 14:17:57', 'Generated by publish of \'New Elemental Page\' at Feb 24, 2023, 2:17 PM', 'published', 1, NULL, '2023-02-24 14:17:57', '2023-02-24 14:17:57', 0, 1),
(33, 'SilverStripe\\Versioned\\ChangeSet', '2023-02-24 14:18:13', '2023-02-24 14:18:13', 'Generated by publish of \'New Elemental Page\' at Feb 24, 2023, 2:18 PM', 'published', 1, NULL, '2023-02-24 14:18:13', '2023-02-24 14:18:13', 0, 1),
(34, 'SilverStripe\\Versioned\\ChangeSet', '2023-02-24 14:18:33', '2023-02-24 14:18:33', 'Generated by publish of \'New Elemental Page\' at Feb 24, 2023, 2:18 PM', 'published', 1, NULL, '2023-02-24 14:18:33', '2023-02-24 14:18:33', 0, 1),
(35, 'SilverStripe\\Versioned\\ChangeSet', '2023-02-24 14:19:23', '2023-02-24 14:19:23', 'Generated by publish of \'New Elemental Page\' at Feb 24, 2023, 2:19 PM', 'published', 1, NULL, '2023-02-24 14:19:23', '2023-02-24 14:19:23', 0, 1),
(36, 'SilverStripe\\Versioned\\ChangeSet', '2023-02-24 14:19:57', '2023-02-24 14:19:57', 'Generated by publish of \'New Elemental Page\' at Feb 24, 2023, 2:19 PM', 'published', 1, NULL, '2023-02-24 14:19:57', '2023-02-24 14:19:57', 0, 1),
(37, 'SilverStripe\\Versioned\\ChangeSet', '2023-02-24 14:28:02', '2023-02-24 14:28:02', 'Generated by publish of \'New Elemental Page\' at Feb 24, 2023, 2:28 PM', 'published', 1, NULL, '2023-02-24 14:28:02', '2023-02-24 14:28:02', 0, 1),
(38, 'SilverStripe\\Versioned\\ChangeSet', '2023-02-24 14:28:29', '2023-02-24 14:28:29', 'Generated by publish of \'New Elemental Page\' at Feb 24, 2023, 2:28 PM', 'published', 1, NULL, '2023-02-24 14:28:29', '2023-02-24 14:28:29', 0, 1),
(39, 'SilverStripe\\Versioned\\ChangeSet', '2023-02-24 14:28:34', '2023-02-24 14:28:34', 'Generated by publish of \'New Elemental Page\' at Feb 24, 2023, 2:28 PM', 'published', 1, NULL, '2023-02-24 14:28:34', '2023-02-24 14:28:34', 0, 1),
(40, 'SilverStripe\\Versioned\\ChangeSet', '2023-02-24 14:28:57', '2023-02-24 14:28:57', 'Generated by publish of \'New Elemental Page\' at Feb 24, 2023, 2:28 PM', 'published', 1, NULL, '2023-02-24 14:28:57', '2023-02-24 14:28:57', 0, 1),
(41, 'SilverStripe\\Versioned\\ChangeSet', '2023-02-24 14:29:59', '2023-02-24 14:29:59', 'Generated by publish of \'AcceptBitcoin.NZ\' at Feb 24, 2023, 2:29 PM', 'published', 1, NULL, '2023-02-24 14:29:59', '2023-02-24 14:29:59', 0, 1),
(42, 'SilverStripe\\Versioned\\ChangeSet', '2023-02-24 14:30:51', '2023-02-24 14:30:51', 'Generated by publish of \'New Elemental Page\' at Feb 24, 2023, 2:30 PM', 'published', 1, NULL, '2023-02-24 14:30:51', '2023-02-24 14:30:51', 0, 1),
(43, 'SilverStripe\\Versioned\\ChangeSet', '2023-02-24 14:37:17', '2023-02-24 14:37:17', 'Generated by publish of \'New Elemental Page\' at Feb 24, 2023, 2:37 PM', 'published', 1, NULL, '2023-02-24 14:37:17', '2023-02-24 14:37:17', 0, 1),
(44, 'SilverStripe\\Versioned\\ChangeSet', '2023-02-24 15:33:19', '2023-02-24 15:33:19', 'Generated by publish of \'New Elemental Page\' at Feb 24, 2023, 3:33 PM', 'published', 1, NULL, '2023-02-24 15:33:19', '2023-02-24 15:33:19', 0, 1),
(45, 'SilverStripe\\Versioned\\ChangeSet', '2023-02-24 15:34:12', '2023-02-24 15:34:12', 'Generated by publish of \'New Elemental Page\' at Feb 24, 2023, 3:34 PM', 'published', 1, NULL, '2023-02-24 15:34:12', '2023-02-24 15:34:12', 0, 1),
(46, 'SilverStripe\\Versioned\\ChangeSet', '2023-02-24 15:41:55', '2023-02-24 15:41:55', 'Generated by publish of \'New Elemental Page\' at Feb 24, 2023, 3:41 PM', 'published', 1, NULL, '2023-02-24 15:41:55', '2023-02-24 15:41:55', 0, 1),
(47, 'SilverStripe\\Versioned\\ChangeSet', '2023-02-24 15:42:20', '2023-02-24 15:42:20', 'Generated by publish of \'Home\' at Feb 24, 2023, 3:42 PM', 'published', 1, NULL, '2023-02-24 15:42:20', '2023-02-24 15:42:20', 0, 1),
(48, 'SilverStripe\\Versioned\\ChangeSet', '2023-02-24 15:42:37', '2023-02-24 15:42:37', 'Generated by publish of \'Contact\' at Feb 24, 2023, 3:42 PM', 'published', 1, NULL, '2023-02-24 15:42:37', '2023-02-24 15:42:37', 0, 1),
(49, 'SilverStripe\\Versioned\\ChangeSet', '2023-02-24 15:42:59', '2023-02-24 15:42:59', 'Generated by publish of \'Contact\' at Feb 24, 2023, 3:42 PM', 'published', 1, NULL, '2023-02-24 15:42:59', '2023-02-24 15:42:59', 0, 1),
(50, 'SilverStripe\\Versioned\\ChangeSet', '2023-02-24 15:46:31', '2023-02-24 15:46:31', 'Generated by publish of \'Home\' at Feb 24, 2023, 3:46 PM', 'published', 1, NULL, '2023-02-24 15:46:31', '2023-02-24 15:46:31', 0, 1),
(51, 'SilverStripe\\Versioned\\ChangeSet', '2023-02-24 15:47:20', '2023-02-24 15:47:20', 'Generated by publish of \'Home\' at Feb 24, 2023, 3:47 PM', 'published', 1, NULL, '2023-02-24 15:47:20', '2023-02-24 15:47:20', 0, 1),
(52, 'SilverStripe\\Versioned\\ChangeSet', '2023-02-24 15:59:38', '2023-02-24 15:59:38', 'Generated by publish of \'Contact\' at Feb 24, 2023, 3:59 PM', 'published', 1, NULL, '2023-02-24 15:59:38', '2023-02-24 15:59:38', 0, 1),
(53, 'SilverStripe\\Versioned\\ChangeSet', '2023-02-24 15:59:57', '2023-02-24 15:59:57', 'Generated by publish of \'Contact\' at Feb 24, 2023, 3:59 PM', 'published', 1, NULL, '2023-02-24 15:59:57', '2023-02-24 15:59:57', 0, 1),
(54, 'SilverStripe\\Versioned\\ChangeSet', '2023-02-24 16:00:06', '2023-02-24 16:00:06', 'Generated by publish of \'Contact\' at Feb 24, 2023, 4:00 PM', 'published', 1, NULL, '2023-02-24 16:00:06', '2023-02-24 16:00:06', 0, 1),
(55, 'SilverStripe\\Versioned\\ChangeSet', '2023-02-24 16:01:01', '2023-02-24 16:01:01', 'Generated by publish of \'Contact\' at Feb 24, 2023, 4:01 PM', 'published', 1, NULL, '2023-02-24 16:01:01', '2023-02-24 16:01:01', 0, 1);

-- --------------------------------------------------------

--
-- Table structure for table `ChangeSetItem`
--

CREATE TABLE `ChangeSetItem` (
  `ID` int(11) NOT NULL,
  `ClassName` enum('SilverStripe\\Versioned\\ChangeSetItem') CHARACTER SET utf8mb4 COLLATE utf8mb4_unicode_ci DEFAULT 'SilverStripe\\Versioned\\ChangeSetItem',
  `LastEdited` datetime DEFAULT NULL,
  `Created` datetime DEFAULT NULL,
  `VersionBefore` int(11) NOT NULL DEFAULT '0',
  `VersionAfter` int(11) NOT NULL DEFAULT '0',
  `Added` enum('explicitly','implicitly') CHARACTER SET utf8mb4 COLLATE utf8mb4_unicode_ci DEFAULT 'implicitly',
  `ChangeSetID` int(11) NOT NULL DEFAULT '0',
  `ObjectID` int(11) NOT NULL DEFAULT '0',
  `ObjectClass` enum('Event','Project','SilverStripe\\Assets\\File','SilverStripe\\SiteConfig\\SiteConfig','SilverStripe\\Versioned\\ChangeSet','SilverStripe\\Versioned\\ChangeSetItem','DNADesign\\Elemental\\Models\\BaseElement','DNADesign\\Elemental\\Models\\ElementalArea','SilverStripe\\Assets\\Shortcodes\\FileLink','SilverStripe\\CMS\\Model\\SiteTree','SilverStripe\\CMS\\Model\\SiteTreeLink','SilverStripe\\Security\\Group','SilverStripe\\Security\\LoginAttempt','SilverStripe\\Security\\Member','SilverStripe\\Security\\MemberPassword','SilverStripe\\Security\\Permission','SilverStripe\\Security\\PermissionRole','SilverStripe\\Security\\PermissionRoleCode','SilverStripe\\Security\\RememberLoginHash','SilverStripe\\SessionManager\\Models\\LoginSession','SilverStripe\\Assets\\Folder','SilverStripe\\Assets\\Image','ContactBarElement','EventsElement','HeroBannerElement','ProjectsListElement','TextLeftImageRightElement','DNADesign\\Elemental\\Models\\ElementContent','Page','ElementalPage','HomePage','SilverStripe\\ErrorPage\\ErrorPage','SilverStripe\\CMS\\Model\\RedirectorPage','SilverStripe\\CMS\\Model\\VirtualPage') CHARACTER SET utf8mb4 COLLATE utf8mb4_unicode_ci DEFAULT 'Event'
) ENGINE=InnoDB DEFAULT CHARSET=latin1;

--
-- Dumping data for table `ChangeSetItem`
--

INSERT INTO `ChangeSetItem` (`ID`, `ClassName`, `LastEdited`, `Created`, `VersionBefore`, `VersionAfter`, `Added`, `ChangeSetID`, `ObjectID`, `ObjectClass`) VALUES
(1, 'SilverStripe\\Versioned\\ChangeSetItem', '2023-02-22 10:02:30', '2023-02-22 10:02:30', 0, 0, 'explicitly', 1, 1, 'SilverStripe\\SiteConfig\\SiteConfig'),
(2, 'SilverStripe\\Versioned\\ChangeSetItem', '2023-02-24 12:59:12', '2023-02-24 12:59:12', 0, 0, 'explicitly', 2, 1, 'SilverStripe\\SiteConfig\\SiteConfig'),
(3, 'SilverStripe\\Versioned\\ChangeSetItem', '2023-02-24 13:01:00', '2023-02-24 13:01:00', 0, 0, 'explicitly', 3, 1, 'SilverStripe\\SiteConfig\\SiteConfig'),
(4, 'SilverStripe\\Versioned\\ChangeSetItem', '2023-02-24 13:02:14', '2023-02-24 13:02:14', 0, 0, 'explicitly', 4, 1, 'SilverStripe\\SiteConfig\\SiteConfig'),
(5, 'SilverStripe\\Versioned\\ChangeSetItem', '2023-02-24 13:02:36', '2023-02-24 13:02:36', 0, 0, 'explicitly', 5, 1, 'SilverStripe\\SiteConfig\\SiteConfig'),
(6, 'SilverStripe\\Versioned\\ChangeSetItem', '2023-02-24 13:17:08', '2023-02-24 13:17:08', 0, 0, 'explicitly', 6, 1, 'SilverStripe\\SiteConfig\\SiteConfig'),
(7, 'SilverStripe\\Versioned\\ChangeSetItem', '2023-02-24 13:17:28', '2023-02-24 13:17:28', 0, 0, 'explicitly', 7, 1, 'SilverStripe\\SiteConfig\\SiteConfig'),
(8, 'SilverStripe\\Versioned\\ChangeSetItem', '2023-02-24 13:17:55', '2023-02-24 13:17:55', 0, 0, 'explicitly', 8, 1, 'SilverStripe\\SiteConfig\\SiteConfig'),
(9, 'SilverStripe\\Versioned\\ChangeSetItem', '2023-02-24 13:17:55', '2023-02-24 13:17:55', 0, 2, 'implicitly', 8, 2, 'SilverStripe\\Assets\\File'),
(10, 'SilverStripe\\Versioned\\ChangeSetItem', '2023-02-24 13:19:32', '2023-02-24 13:19:32', 0, 0, 'explicitly', 9, 1, 'SilverStripe\\SiteConfig\\SiteConfig'),
(11, 'SilverStripe\\Versioned\\ChangeSetItem', '2023-02-24 13:19:32', '2023-02-24 13:19:32', 2, 2, 'implicitly', 9, 2, 'SilverStripe\\Assets\\File'),
(12, 'SilverStripe\\Versioned\\ChangeSetItem', '2023-02-24 13:21:51', '2023-02-24 13:21:51', 0, 2, 'explicitly', 10, 6, 'SilverStripe\\CMS\\Model\\SiteTree'),
(13, 'SilverStripe\\Versioned\\ChangeSetItem', '2023-02-24 13:21:51', '2023-02-24 13:21:51', 0, 2, 'implicitly', 10, 1, 'DNADesign\\Elemental\\Models\\ElementalArea'),
(14, 'SilverStripe\\Versioned\\ChangeSetItem', '2023-02-24 13:21:56', '2023-02-24 13:21:56', 2, 2, 'explicitly', 11, 6, 'SilverStripe\\CMS\\Model\\SiteTree'),
(15, 'SilverStripe\\Versioned\\ChangeSetItem', '2023-02-24 13:21:56', '2023-02-24 13:21:56', 2, 2, 'implicitly', 11, 1, 'DNADesign\\Elemental\\Models\\ElementalArea'),
(16, 'SilverStripe\\Versioned\\ChangeSetItem', '2023-02-24 13:21:56', '2023-02-24 13:21:56', 0, 2, 'implicitly', 11, 1, 'DNADesign\\Elemental\\Models\\BaseElement'),
(17, 'SilverStripe\\Versioned\\ChangeSetItem', '2023-02-24 13:22:02', '2023-02-24 13:22:02', 2, 2, 'explicitly', 12, 6, 'SilverStripe\\CMS\\Model\\SiteTree'),
(18, 'SilverStripe\\Versioned\\ChangeSetItem', '2023-02-24 13:22:02', '2023-02-24 13:22:02', 2, 2, 'implicitly', 12, 1, 'DNADesign\\Elemental\\Models\\ElementalArea'),
(19, 'SilverStripe\\Versioned\\ChangeSetItem', '2023-02-24 13:22:02', '2023-02-24 13:22:02', 2, 4, 'implicitly', 12, 1, 'DNADesign\\Elemental\\Models\\BaseElement'),
(20, 'SilverStripe\\Versioned\\ChangeSetItem', '2023-02-24 13:23:21', '2023-02-24 13:23:21', 2, 2, 'explicitly', 13, 6, 'SilverStripe\\CMS\\Model\\SiteTree'),
(21, 'SilverStripe\\Versioned\\ChangeSetItem', '2023-02-24 13:23:21', '2023-02-24 13:23:21', 2, 2, 'implicitly', 13, 1, 'DNADesign\\Elemental\\Models\\ElementalArea'),
(22, 'SilverStripe\\Versioned\\ChangeSetItem', '2023-02-24 13:23:21', '2023-02-24 13:23:21', 4, 6, 'implicitly', 13, 1, 'DNADesign\\Elemental\\Models\\BaseElement'),
(23, 'SilverStripe\\Versioned\\ChangeSetItem', '2023-02-24 13:39:19', '2023-02-24 13:39:19', 2, 2, 'explicitly', 14, 6, 'SilverStripe\\CMS\\Model\\SiteTree'),
(24, 'SilverStripe\\Versioned\\ChangeSetItem', '2023-02-24 13:39:19', '2023-02-24 13:39:19', 2, 2, 'implicitly', 14, 1, 'DNADesign\\Elemental\\Models\\ElementalArea'),
(25, 'SilverStripe\\Versioned\\ChangeSetItem', '2023-02-24 13:39:19', '2023-02-24 13:39:19', 0, 3, 'implicitly', 14, 2, 'DNADesign\\Elemental\\Models\\BaseElement'),
(26, 'SilverStripe\\Versioned\\ChangeSetItem', '2023-02-24 13:39:19', '2023-02-24 13:39:19', 6, 6, 'implicitly', 14, 1, 'DNADesign\\Elemental\\Models\\BaseElement'),
(27, 'SilverStripe\\Versioned\\ChangeSetItem', '2023-02-24 13:39:54', '2023-02-24 13:39:54', 2, 2, 'explicitly', 15, 6, 'SilverStripe\\CMS\\Model\\SiteTree'),
(28, 'SilverStripe\\Versioned\\ChangeSetItem', '2023-02-24 13:39:54', '2023-02-24 13:39:54', 2, 2, 'implicitly', 15, 1, 'DNADesign\\Elemental\\Models\\ElementalArea'),
(29, 'SilverStripe\\Versioned\\ChangeSetItem', '2023-02-24 13:39:54', '2023-02-24 13:39:54', 3, 5, 'implicitly', 15, 2, 'DNADesign\\Elemental\\Models\\BaseElement'),
(30, 'SilverStripe\\Versioned\\ChangeSetItem', '2023-02-24 13:39:54', '2023-02-24 13:39:54', 6, 6, 'implicitly', 15, 1, 'DNADesign\\Elemental\\Models\\BaseElement'),
(31, 'SilverStripe\\Versioned\\ChangeSetItem', '2023-02-24 13:39:54', '2023-02-24 13:39:54', 0, 2, 'implicitly', 15, 3, 'SilverStripe\\Assets\\File'),
(32, 'SilverStripe\\Versioned\\ChangeSetItem', '2023-02-24 13:40:06', '2023-02-24 13:40:06', 2, 2, 'explicitly', 16, 6, 'SilverStripe\\CMS\\Model\\SiteTree'),
(33, 'SilverStripe\\Versioned\\ChangeSetItem', '2023-02-24 13:40:06', '2023-02-24 13:40:06', 2, 2, 'implicitly', 16, 1, 'DNADesign\\Elemental\\Models\\ElementalArea'),
(34, 'SilverStripe\\Versioned\\ChangeSetItem', '2023-02-24 13:40:06', '2023-02-24 13:40:06', 5, 7, 'implicitly', 16, 2, 'DNADesign\\Elemental\\Models\\BaseElement'),
(35, 'SilverStripe\\Versioned\\ChangeSetItem', '2023-02-24 13:40:06', '2023-02-24 13:40:06', 6, 6, 'implicitly', 16, 1, 'DNADesign\\Elemental\\Models\\BaseElement'),
(36, 'SilverStripe\\Versioned\\ChangeSetItem', '2023-02-24 13:40:06', '2023-02-24 13:40:06', 2, 2, 'implicitly', 16, 3, 'SilverStripe\\Assets\\File'),
(37, 'SilverStripe\\Versioned\\ChangeSetItem', '2023-02-24 13:43:27', '2023-02-24 13:43:27', 2, 2, 'explicitly', 17, 6, 'SilverStripe\\CMS\\Model\\SiteTree'),
(38, 'SilverStripe\\Versioned\\ChangeSetItem', '2023-02-24 13:43:27', '2023-02-24 13:43:27', 2, 2, 'implicitly', 17, 1, 'DNADesign\\Elemental\\Models\\ElementalArea'),
(39, 'SilverStripe\\Versioned\\ChangeSetItem', '2023-02-24 13:43:27', '2023-02-24 13:43:27', 7, 9, 'implicitly', 17, 2, 'DNADesign\\Elemental\\Models\\BaseElement'),
(40, 'SilverStripe\\Versioned\\ChangeSetItem', '2023-02-24 13:43:27', '2023-02-24 13:43:27', 6, 6, 'implicitly', 17, 1, 'DNADesign\\Elemental\\Models\\BaseElement'),
(41, 'SilverStripe\\Versioned\\ChangeSetItem', '2023-02-24 13:43:27', '2023-02-24 13:43:27', 2, 2, 'implicitly', 17, 3, 'SilverStripe\\Assets\\File'),
(42, 'SilverStripe\\Versioned\\ChangeSetItem', '2023-02-24 13:43:37', '2023-02-24 13:43:37', 2, 2, 'explicitly', 18, 6, 'SilverStripe\\CMS\\Model\\SiteTree'),
(43, 'SilverStripe\\Versioned\\ChangeSetItem', '2023-02-24 13:43:37', '2023-02-24 13:43:37', 2, 2, 'implicitly', 18, 1, 'DNADesign\\Elemental\\Models\\ElementalArea'),
(44, 'SilverStripe\\Versioned\\ChangeSetItem', '2023-02-24 13:43:37', '2023-02-24 13:43:37', 9, 11, 'implicitly', 18, 2, 'DNADesign\\Elemental\\Models\\BaseElement'),
(45, 'SilverStripe\\Versioned\\ChangeSetItem', '2023-02-24 13:43:37', '2023-02-24 13:43:37', 6, 6, 'implicitly', 18, 1, 'DNADesign\\Elemental\\Models\\BaseElement'),
(46, 'SilverStripe\\Versioned\\ChangeSetItem', '2023-02-24 13:43:37', '2023-02-24 13:43:37', 2, 2, 'implicitly', 18, 3, 'SilverStripe\\Assets\\File'),
(47, 'SilverStripe\\Versioned\\ChangeSetItem', '2023-02-24 13:48:04', '2023-02-24 13:48:04', 2, 2, 'explicitly', 19, 6, 'SilverStripe\\CMS\\Model\\SiteTree'),
(48, 'SilverStripe\\Versioned\\ChangeSetItem', '2023-02-24 13:48:04', '2023-02-24 13:48:04', 2, 2, 'implicitly', 19, 1, 'DNADesign\\Elemental\\Models\\ElementalArea'),
(49, 'SilverStripe\\Versioned\\ChangeSetItem', '2023-02-24 13:48:04', '2023-02-24 13:48:04', 11, 13, 'implicitly', 19, 2, 'DNADesign\\Elemental\\Models\\BaseElement'),
(50, 'SilverStripe\\Versioned\\ChangeSetItem', '2023-02-24 13:48:04', '2023-02-24 13:48:04', 0, 3, 'implicitly', 19, 3, 'DNADesign\\Elemental\\Models\\BaseElement'),
(51, 'SilverStripe\\Versioned\\ChangeSetItem', '2023-02-24 13:48:04', '2023-02-24 13:48:04', 2, 2, 'implicitly', 19, 3, 'SilverStripe\\Assets\\File'),
(52, 'SilverStripe\\Versioned\\ChangeSetItem', '2023-02-24 13:48:16', '2023-02-24 13:48:16', 2, 2, 'explicitly', 20, 6, 'SilverStripe\\CMS\\Model\\SiteTree'),
(53, 'SilverStripe\\Versioned\\ChangeSetItem', '2023-02-24 13:48:16', '2023-02-24 13:48:16', 2, 2, 'implicitly', 20, 1, 'DNADesign\\Elemental\\Models\\ElementalArea'),
(54, 'SilverStripe\\Versioned\\ChangeSetItem', '2023-02-24 13:48:16', '2023-02-24 13:48:16', 13, 13, 'implicitly', 20, 2, 'DNADesign\\Elemental\\Models\\BaseElement'),
(55, 'SilverStripe\\Versioned\\ChangeSetItem', '2023-02-24 13:48:16', '2023-02-24 13:48:16', 3, 5, 'implicitly', 20, 3, 'DNADesign\\Elemental\\Models\\BaseElement'),
(56, 'SilverStripe\\Versioned\\ChangeSetItem', '2023-02-24 13:48:16', '2023-02-24 13:48:16', 2, 2, 'implicitly', 20, 3, 'SilverStripe\\Assets\\File'),
(57, 'SilverStripe\\Versioned\\ChangeSetItem', '2023-02-24 13:48:33', '2023-02-24 13:48:33', 2, 2, 'explicitly', 21, 6, 'SilverStripe\\CMS\\Model\\SiteTree'),
(58, 'SilverStripe\\Versioned\\ChangeSetItem', '2023-02-24 13:48:33', '2023-02-24 13:48:33', 2, 2, 'implicitly', 21, 1, 'DNADesign\\Elemental\\Models\\ElementalArea'),
(59, 'SilverStripe\\Versioned\\ChangeSetItem', '2023-02-24 13:48:33', '2023-02-24 13:48:33', 13, 13, 'implicitly', 21, 2, 'DNADesign\\Elemental\\Models\\BaseElement'),
(60, 'SilverStripe\\Versioned\\ChangeSetItem', '2023-02-24 13:48:33', '2023-02-24 13:48:33', 5, 7, 'implicitly', 21, 3, 'DNADesign\\Elemental\\Models\\BaseElement'),
(61, 'SilverStripe\\Versioned\\ChangeSetItem', '2023-02-24 13:48:33', '2023-02-24 13:48:33', 2, 2, 'implicitly', 21, 3, 'SilverStripe\\Assets\\File'),
(62, 'SilverStripe\\Versioned\\ChangeSetItem', '2023-02-24 13:48:33', '2023-02-24 13:48:33', 0, 2, 'implicitly', 21, 4, 'SilverStripe\\Assets\\File'),
(63, 'SilverStripe\\Versioned\\ChangeSetItem', '2023-02-24 13:55:39', '2023-02-24 13:55:39', 0, 0, 'explicitly', 22, 1, 'Event'),
(64, 'SilverStripe\\Versioned\\ChangeSetItem', '2023-02-24 13:57:27', '2023-02-24 13:57:27', 0, 0, 'explicitly', 23, 1, 'Event'),
(65, 'SilverStripe\\Versioned\\ChangeSetItem', '2023-02-24 14:03:45', '2023-02-24 14:03:45', 0, 0, 'explicitly', 24, 2, 'Event'),
(66, 'SilverStripe\\Versioned\\ChangeSetItem', '2023-02-24 14:08:02', '2023-02-24 14:08:02', 2, 2, 'explicitly', 25, 6, 'SilverStripe\\CMS\\Model\\SiteTree'),
(67, 'SilverStripe\\Versioned\\ChangeSetItem', '2023-02-24 14:08:02', '2023-02-24 14:08:02', 2, 2, 'implicitly', 25, 1, 'DNADesign\\Elemental\\Models\\ElementalArea'),
(68, 'SilverStripe\\Versioned\\ChangeSetItem', '2023-02-24 14:08:02', '2023-02-24 14:08:02', 13, 13, 'implicitly', 25, 2, 'DNADesign\\Elemental\\Models\\BaseElement'),
(69, 'SilverStripe\\Versioned\\ChangeSetItem', '2023-02-24 14:08:02', '2023-02-24 14:08:02', 7, 7, 'implicitly', 25, 3, 'DNADesign\\Elemental\\Models\\BaseElement'),
(70, 'SilverStripe\\Versioned\\ChangeSetItem', '2023-02-24 14:08:02', '2023-02-24 14:08:02', 0, 4, 'implicitly', 25, 4, 'DNADesign\\Elemental\\Models\\BaseElement'),
(71, 'SilverStripe\\Versioned\\ChangeSetItem', '2023-02-24 14:08:02', '2023-02-24 14:08:02', 2, 2, 'implicitly', 25, 3, 'SilverStripe\\Assets\\File'),
(72, 'SilverStripe\\Versioned\\ChangeSetItem', '2023-02-24 14:08:02', '2023-02-24 14:08:02', 2, 2, 'implicitly', 25, 4, 'SilverStripe\\Assets\\File'),
(73, 'SilverStripe\\Versioned\\ChangeSetItem', '2023-02-24 14:08:26', '2023-02-24 14:08:26', 2, 2, 'explicitly', 26, 6, 'SilverStripe\\CMS\\Model\\SiteTree'),
(74, 'SilverStripe\\Versioned\\ChangeSetItem', '2023-02-24 14:08:26', '2023-02-24 14:08:26', 2, 2, 'implicitly', 26, 1, 'DNADesign\\Elemental\\Models\\ElementalArea'),
(75, 'SilverStripe\\Versioned\\ChangeSetItem', '2023-02-24 14:08:26', '2023-02-24 14:08:26', 13, 13, 'implicitly', 26, 2, 'DNADesign\\Elemental\\Models\\BaseElement'),
(76, 'SilverStripe\\Versioned\\ChangeSetItem', '2023-02-24 14:08:26', '2023-02-24 14:08:26', 7, 7, 'implicitly', 26, 3, 'DNADesign\\Elemental\\Models\\BaseElement'),
(77, 'SilverStripe\\Versioned\\ChangeSetItem', '2023-02-24 14:08:26', '2023-02-24 14:08:26', 4, 4, 'implicitly', 26, 4, 'DNADesign\\Elemental\\Models\\BaseElement'),
(78, 'SilverStripe\\Versioned\\ChangeSetItem', '2023-02-24 14:08:26', '2023-02-24 14:08:26', 2, 2, 'implicitly', 26, 3, 'SilverStripe\\Assets\\File'),
(79, 'SilverStripe\\Versioned\\ChangeSetItem', '2023-02-24 14:08:26', '2023-02-24 14:08:26', 2, 2, 'implicitly', 26, 4, 'SilverStripe\\Assets\\File'),
(80, 'SilverStripe\\Versioned\\ChangeSetItem', '2023-02-24 14:08:35', '2023-02-24 14:08:35', 2, 2, 'explicitly', 27, 6, 'SilverStripe\\CMS\\Model\\SiteTree'),
(81, 'SilverStripe\\Versioned\\ChangeSetItem', '2023-02-24 14:08:35', '2023-02-24 14:08:35', 2, 2, 'implicitly', 27, 1, 'DNADesign\\Elemental\\Models\\ElementalArea'),
(82, 'SilverStripe\\Versioned\\ChangeSetItem', '2023-02-24 14:08:35', '2023-02-24 14:08:35', 13, 13, 'implicitly', 27, 2, 'DNADesign\\Elemental\\Models\\BaseElement'),
(83, 'SilverStripe\\Versioned\\ChangeSetItem', '2023-02-24 14:08:35', '2023-02-24 14:08:35', 7, 7, 'implicitly', 27, 3, 'DNADesign\\Elemental\\Models\\BaseElement'),
(84, 'SilverStripe\\Versioned\\ChangeSetItem', '2023-02-24 14:08:35', '2023-02-24 14:08:35', 4, 6, 'implicitly', 27, 4, 'DNADesign\\Elemental\\Models\\BaseElement'),
(85, 'SilverStripe\\Versioned\\ChangeSetItem', '2023-02-24 14:08:35', '2023-02-24 14:08:35', 2, 2, 'implicitly', 27, 3, 'SilverStripe\\Assets\\File'),
(86, 'SilverStripe\\Versioned\\ChangeSetItem', '2023-02-24 14:08:35', '2023-02-24 14:08:35', 2, 2, 'implicitly', 27, 4, 'SilverStripe\\Assets\\File'),
(87, 'SilverStripe\\Versioned\\ChangeSetItem', '2023-02-24 14:11:50', '2023-02-24 14:11:50', 2, 2, 'explicitly', 28, 6, 'SilverStripe\\CMS\\Model\\SiteTree'),
(88, 'SilverStripe\\Versioned\\ChangeSetItem', '2023-02-24 14:11:50', '2023-02-24 14:11:50', 2, 2, 'implicitly', 28, 1, 'DNADesign\\Elemental\\Models\\ElementalArea'),
(89, 'SilverStripe\\Versioned\\ChangeSetItem', '2023-02-24 14:11:50', '2023-02-24 14:11:50', 13, 13, 'implicitly', 28, 2, 'DNADesign\\Elemental\\Models\\BaseElement'),
(90, 'SilverStripe\\Versioned\\ChangeSetItem', '2023-02-24 14:11:50', '2023-02-24 14:11:50', 7, 7, 'implicitly', 28, 3, 'DNADesign\\Elemental\\Models\\BaseElement'),
(91, 'SilverStripe\\Versioned\\ChangeSetItem', '2023-02-24 14:11:50', '2023-02-24 14:11:50', 6, 8, 'implicitly', 28, 4, 'DNADesign\\Elemental\\Models\\BaseElement'),
(92, 'SilverStripe\\Versioned\\ChangeSetItem', '2023-02-24 14:11:50', '2023-02-24 14:11:50', 2, 2, 'implicitly', 28, 3, 'SilverStripe\\Assets\\File'),
(93, 'SilverStripe\\Versioned\\ChangeSetItem', '2023-02-24 14:11:50', '2023-02-24 14:11:50', 2, 2, 'implicitly', 28, 4, 'SilverStripe\\Assets\\File'),
(94, 'SilverStripe\\Versioned\\ChangeSetItem', '2023-02-24 14:11:50', '2023-02-24 14:11:50', 0, 2, 'implicitly', 28, 5, 'SilverStripe\\Assets\\File'),
(95, 'SilverStripe\\Versioned\\ChangeSetItem', '2023-02-24 14:14:22', '2023-02-24 14:14:22', 2, 2, 'explicitly', 29, 6, 'SilverStripe\\CMS\\Model\\SiteTree'),
(96, 'SilverStripe\\Versioned\\ChangeSetItem', '2023-02-24 14:14:22', '2023-02-24 14:14:22', 2, 2, 'implicitly', 29, 1, 'DNADesign\\Elemental\\Models\\ElementalArea'),
(97, 'SilverStripe\\Versioned\\ChangeSetItem', '2023-02-24 14:14:22', '2023-02-24 14:14:22', 13, 13, 'implicitly', 29, 2, 'DNADesign\\Elemental\\Models\\BaseElement'),
(98, 'SilverStripe\\Versioned\\ChangeSetItem', '2023-02-24 14:14:22', '2023-02-24 14:14:22', 7, 7, 'implicitly', 29, 3, 'DNADesign\\Elemental\\Models\\BaseElement'),
(99, 'SilverStripe\\Versioned\\ChangeSetItem', '2023-02-24 14:14:22', '2023-02-24 14:14:22', 8, 8, 'implicitly', 29, 4, 'DNADesign\\Elemental\\Models\\BaseElement'),
(100, 'SilverStripe\\Versioned\\ChangeSetItem', '2023-02-24 14:14:22', '2023-02-24 14:14:22', 0, 3, 'implicitly', 29, 5, 'DNADesign\\Elemental\\Models\\BaseElement'),
(101, 'SilverStripe\\Versioned\\ChangeSetItem', '2023-02-24 14:14:22', '2023-02-24 14:14:22', 2, 2, 'implicitly', 29, 3, 'SilverStripe\\Assets\\File'),
(102, 'SilverStripe\\Versioned\\ChangeSetItem', '2023-02-24 14:14:22', '2023-02-24 14:14:22', 2, 2, 'implicitly', 29, 4, 'SilverStripe\\Assets\\File'),
(103, 'SilverStripe\\Versioned\\ChangeSetItem', '2023-02-24 14:14:22', '2023-02-24 14:14:22', 2, 2, 'implicitly', 29, 5, 'SilverStripe\\Assets\\File'),
(104, 'SilverStripe\\Versioned\\ChangeSetItem', '2023-02-24 14:15:08', '2023-02-24 14:15:08', 2, 2, 'explicitly', 30, 6, 'SilverStripe\\CMS\\Model\\SiteTree'),
(105, 'SilverStripe\\Versioned\\ChangeSetItem', '2023-02-24 14:15:08', '2023-02-24 14:15:08', 2, 2, 'implicitly', 30, 1, 'DNADesign\\Elemental\\Models\\ElementalArea'),
(106, 'SilverStripe\\Versioned\\ChangeSetItem', '2023-02-24 14:15:08', '2023-02-24 14:15:08', 13, 13, 'implicitly', 30, 2, 'DNADesign\\Elemental\\Models\\BaseElement'),
(107, 'SilverStripe\\Versioned\\ChangeSetItem', '2023-02-24 14:15:08', '2023-02-24 14:15:08', 7, 7, 'implicitly', 30, 3, 'DNADesign\\Elemental\\Models\\BaseElement'),
(108, 'SilverStripe\\Versioned\\ChangeSetItem', '2023-02-24 14:15:08', '2023-02-24 14:15:08', 8, 8, 'implicitly', 30, 4, 'DNADesign\\Elemental\\Models\\BaseElement'),
(109, 'SilverStripe\\Versioned\\ChangeSetItem', '2023-02-24 14:15:08', '2023-02-24 14:15:08', 3, 5, 'implicitly', 30, 5, 'DNADesign\\Elemental\\Models\\BaseElement'),
(110, 'SilverStripe\\Versioned\\ChangeSetItem', '2023-02-24 14:15:08', '2023-02-24 14:15:08', 2, 2, 'implicitly', 30, 3, 'SilverStripe\\Assets\\File'),
(111, 'SilverStripe\\Versioned\\ChangeSetItem', '2023-02-24 14:15:08', '2023-02-24 14:15:08', 2, 2, 'implicitly', 30, 4, 'SilverStripe\\Assets\\File'),
(112, 'SilverStripe\\Versioned\\ChangeSetItem', '2023-02-24 14:15:08', '2023-02-24 14:15:08', 2, 2, 'implicitly', 30, 5, 'SilverStripe\\Assets\\File'),
(113, 'SilverStripe\\Versioned\\ChangeSetItem', '2023-02-24 14:16:44', '2023-02-24 14:16:44', 2, 2, 'explicitly', 31, 6, 'SilverStripe\\CMS\\Model\\SiteTree'),
(114, 'SilverStripe\\Versioned\\ChangeSetItem', '2023-02-24 14:16:44', '2023-02-24 14:16:44', 2, 2, 'implicitly', 31, 1, 'DNADesign\\Elemental\\Models\\ElementalArea'),
(115, 'SilverStripe\\Versioned\\ChangeSetItem', '2023-02-24 14:16:44', '2023-02-24 14:16:44', 13, 13, 'implicitly', 31, 2, 'DNADesign\\Elemental\\Models\\BaseElement'),
(116, 'SilverStripe\\Versioned\\ChangeSetItem', '2023-02-24 14:16:44', '2023-02-24 14:16:44', 7, 7, 'implicitly', 31, 3, 'DNADesign\\Elemental\\Models\\BaseElement'),
(117, 'SilverStripe\\Versioned\\ChangeSetItem', '2023-02-24 14:16:44', '2023-02-24 14:16:44', 8, 8, 'implicitly', 31, 4, 'DNADesign\\Elemental\\Models\\BaseElement'),
(118, 'SilverStripe\\Versioned\\ChangeSetItem', '2023-02-24 14:16:44', '2023-02-24 14:16:44', 5, 7, 'implicitly', 31, 5, 'DNADesign\\Elemental\\Models\\BaseElement'),
(119, 'SilverStripe\\Versioned\\ChangeSetItem', '2023-02-24 14:16:44', '2023-02-24 14:16:44', 2, 2, 'implicitly', 31, 3, 'SilverStripe\\Assets\\File'),
(120, 'SilverStripe\\Versioned\\ChangeSetItem', '2023-02-24 14:16:44', '2023-02-24 14:16:44', 2, 2, 'implicitly', 31, 4, 'SilverStripe\\Assets\\File'),
(121, 'SilverStripe\\Versioned\\ChangeSetItem', '2023-02-24 14:16:44', '2023-02-24 14:16:44', 2, 2, 'implicitly', 31, 5, 'SilverStripe\\Assets\\File'),
(122, 'SilverStripe\\Versioned\\ChangeSetItem', '2023-02-24 14:17:57', '2023-02-24 14:17:57', 2, 2, 'explicitly', 32, 6, 'SilverStripe\\CMS\\Model\\SiteTree'),
(123, 'SilverStripe\\Versioned\\ChangeSetItem', '2023-02-24 14:17:57', '2023-02-24 14:17:57', 2, 2, 'implicitly', 32, 1, 'DNADesign\\Elemental\\Models\\ElementalArea'),
(124, 'SilverStripe\\Versioned\\ChangeSetItem', '2023-02-24 14:17:57', '2023-02-24 14:17:57', 13, 13, 'implicitly', 32, 2, 'DNADesign\\Elemental\\Models\\BaseElement'),
(125, 'SilverStripe\\Versioned\\ChangeSetItem', '2023-02-24 14:17:57', '2023-02-24 14:17:57', 7, 7, 'implicitly', 32, 3, 'DNADesign\\Elemental\\Models\\BaseElement'),
(126, 'SilverStripe\\Versioned\\ChangeSetItem', '2023-02-24 14:17:57', '2023-02-24 14:17:57', 8, 8, 'implicitly', 32, 4, 'DNADesign\\Elemental\\Models\\BaseElement'),
(127, 'SilverStripe\\Versioned\\ChangeSetItem', '2023-02-24 14:17:57', '2023-02-24 14:17:57', 7, 7, 'implicitly', 32, 5, 'DNADesign\\Elemental\\Models\\BaseElement'),
(128, 'SilverStripe\\Versioned\\ChangeSetItem', '2023-02-24 14:17:57', '2023-02-24 14:17:57', 2, 2, 'implicitly', 32, 3, 'SilverStripe\\Assets\\File'),
(129, 'SilverStripe\\Versioned\\ChangeSetItem', '2023-02-24 14:17:57', '2023-02-24 14:17:57', 2, 2, 'implicitly', 32, 4, 'SilverStripe\\Assets\\File'),
(130, 'SilverStripe\\Versioned\\ChangeSetItem', '2023-02-24 14:17:57', '2023-02-24 14:17:57', 2, 2, 'implicitly', 32, 5, 'SilverStripe\\Assets\\File'),
(131, 'SilverStripe\\Versioned\\ChangeSetItem', '2023-02-24 14:18:13', '2023-02-24 14:18:13', 2, 2, 'explicitly', 33, 6, 'SilverStripe\\CMS\\Model\\SiteTree'),
(132, 'SilverStripe\\Versioned\\ChangeSetItem', '2023-02-24 14:18:13', '2023-02-24 14:18:13', 2, 2, 'implicitly', 33, 1, 'DNADesign\\Elemental\\Models\\ElementalArea'),
(133, 'SilverStripe\\Versioned\\ChangeSetItem', '2023-02-24 14:18:13', '2023-02-24 14:18:13', 13, 13, 'implicitly', 33, 2, 'DNADesign\\Elemental\\Models\\BaseElement'),
(134, 'SilverStripe\\Versioned\\ChangeSetItem', '2023-02-24 14:18:13', '2023-02-24 14:18:13', 7, 7, 'implicitly', 33, 3, 'DNADesign\\Elemental\\Models\\BaseElement'),
(135, 'SilverStripe\\Versioned\\ChangeSetItem', '2023-02-24 14:18:13', '2023-02-24 14:18:13', 8, 8, 'implicitly', 33, 4, 'DNADesign\\Elemental\\Models\\BaseElement'),
(136, 'SilverStripe\\Versioned\\ChangeSetItem', '2023-02-24 14:18:13', '2023-02-24 14:18:13', 7, 9, 'implicitly', 33, 5, 'DNADesign\\Elemental\\Models\\BaseElement'),
(137, 'SilverStripe\\Versioned\\ChangeSetItem', '2023-02-24 14:18:13', '2023-02-24 14:18:13', 2, 2, 'implicitly', 33, 3, 'SilverStripe\\Assets\\File'),
(138, 'SilverStripe\\Versioned\\ChangeSetItem', '2023-02-24 14:18:13', '2023-02-24 14:18:13', 2, 2, 'implicitly', 33, 4, 'SilverStripe\\Assets\\File'),
(139, 'SilverStripe\\Versioned\\ChangeSetItem', '2023-02-24 14:18:13', '2023-02-24 14:18:13', 2, 2, 'implicitly', 33, 5, 'SilverStripe\\Assets\\File'),
(140, 'SilverStripe\\Versioned\\ChangeSetItem', '2023-02-24 14:18:33', '2023-02-24 14:18:33', 2, 2, 'explicitly', 34, 6, 'SilverStripe\\CMS\\Model\\SiteTree'),
(141, 'SilverStripe\\Versioned\\ChangeSetItem', '2023-02-24 14:18:33', '2023-02-24 14:18:33', 2, 2, 'implicitly', 34, 1, 'DNADesign\\Elemental\\Models\\ElementalArea'),
(142, 'SilverStripe\\Versioned\\ChangeSetItem', '2023-02-24 14:18:33', '2023-02-24 14:18:33', 13, 13, 'implicitly', 34, 2, 'DNADesign\\Elemental\\Models\\BaseElement'),
(143, 'SilverStripe\\Versioned\\ChangeSetItem', '2023-02-24 14:18:33', '2023-02-24 14:18:33', 7, 7, 'implicitly', 34, 3, 'DNADesign\\Elemental\\Models\\BaseElement'),
(144, 'SilverStripe\\Versioned\\ChangeSetItem', '2023-02-24 14:18:33', '2023-02-24 14:18:33', 8, 8, 'implicitly', 34, 4, 'DNADesign\\Elemental\\Models\\BaseElement'),
(145, 'SilverStripe\\Versioned\\ChangeSetItem', '2023-02-24 14:18:33', '2023-02-24 14:18:33', 9, 11, 'implicitly', 34, 5, 'DNADesign\\Elemental\\Models\\BaseElement'),
(146, 'SilverStripe\\Versioned\\ChangeSetItem', '2023-02-24 14:18:33', '2023-02-24 14:18:33', 2, 2, 'implicitly', 34, 3, 'SilverStripe\\Assets\\File'),
(147, 'SilverStripe\\Versioned\\ChangeSetItem', '2023-02-24 14:18:33', '2023-02-24 14:18:33', 2, 2, 'implicitly', 34, 4, 'SilverStripe\\Assets\\File'),
(148, 'SilverStripe\\Versioned\\ChangeSetItem', '2023-02-24 14:18:33', '2023-02-24 14:18:33', 2, 2, 'implicitly', 34, 5, 'SilverStripe\\Assets\\File'),
(149, 'SilverStripe\\Versioned\\ChangeSetItem', '2023-02-24 14:19:23', '2023-02-24 14:19:23', 2, 2, 'explicitly', 35, 6, 'SilverStripe\\CMS\\Model\\SiteTree'),
(150, 'SilverStripe\\Versioned\\ChangeSetItem', '2023-02-24 14:19:23', '2023-02-24 14:19:23', 2, 2, 'implicitly', 35, 1, 'DNADesign\\Elemental\\Models\\ElementalArea'),
(151, 'SilverStripe\\Versioned\\ChangeSetItem', '2023-02-24 14:19:23', '2023-02-24 14:19:23', 13, 13, 'implicitly', 35, 2, 'DNADesign\\Elemental\\Models\\BaseElement'),
(152, 'SilverStripe\\Versioned\\ChangeSetItem', '2023-02-24 14:19:23', '2023-02-24 14:19:23', 7, 7, 'implicitly', 35, 3, 'DNADesign\\Elemental\\Models\\BaseElement'),
(153, 'SilverStripe\\Versioned\\ChangeSetItem', '2023-02-24 14:19:23', '2023-02-24 14:19:23', 8, 8, 'implicitly', 35, 4, 'DNADesign\\Elemental\\Models\\BaseElement'),
(154, 'SilverStripe\\Versioned\\ChangeSetItem', '2023-02-24 14:19:23', '2023-02-24 14:19:23', 11, 11, 'implicitly', 35, 5, 'DNADesign\\Elemental\\Models\\BaseElement'),
(155, 'SilverStripe\\Versioned\\ChangeSetItem', '2023-02-24 14:19:23', '2023-02-24 14:19:23', 0, 3, 'implicitly', 35, 6, 'DNADesign\\Elemental\\Models\\BaseElement'),
(156, 'SilverStripe\\Versioned\\ChangeSetItem', '2023-02-24 14:19:23', '2023-02-24 14:19:23', 2, 2, 'implicitly', 35, 3, 'SilverStripe\\Assets\\File'),
(157, 'SilverStripe\\Versioned\\ChangeSetItem', '2023-02-24 14:19:23', '2023-02-24 14:19:23', 2, 2, 'implicitly', 35, 4, 'SilverStripe\\Assets\\File'),
(158, 'SilverStripe\\Versioned\\ChangeSetItem', '2023-02-24 14:19:23', '2023-02-24 14:19:23', 2, 2, 'implicitly', 35, 5, 'SilverStripe\\Assets\\File'),
(159, 'SilverStripe\\Versioned\\ChangeSetItem', '2023-02-24 14:19:57', '2023-02-24 14:19:57', 2, 2, 'explicitly', 36, 6, 'SilverStripe\\CMS\\Model\\SiteTree'),
(160, 'SilverStripe\\Versioned\\ChangeSetItem', '2023-02-24 14:19:57', '2023-02-24 14:19:57', 2, 2, 'implicitly', 36, 1, 'DNADesign\\Elemental\\Models\\ElementalArea'),
(161, 'SilverStripe\\Versioned\\ChangeSetItem', '2023-02-24 14:19:57', '2023-02-24 14:19:57', 13, 13, 'implicitly', 36, 2, 'DNADesign\\Elemental\\Models\\BaseElement'),
(162, 'SilverStripe\\Versioned\\ChangeSetItem', '2023-02-24 14:19:57', '2023-02-24 14:19:57', 7, 7, 'implicitly', 36, 3, 'DNADesign\\Elemental\\Models\\BaseElement'),
(163, 'SilverStripe\\Versioned\\ChangeSetItem', '2023-02-24 14:19:57', '2023-02-24 14:19:57', 8, 8, 'implicitly', 36, 4, 'DNADesign\\Elemental\\Models\\BaseElement'),
(164, 'SilverStripe\\Versioned\\ChangeSetItem', '2023-02-24 14:19:57', '2023-02-24 14:19:57', 11, 11, 'implicitly', 36, 5, 'DNADesign\\Elemental\\Models\\BaseElement'),
(165, 'SilverStripe\\Versioned\\ChangeSetItem', '2023-02-24 14:19:57', '2023-02-24 14:19:57', 3, 5, 'implicitly', 36, 6, 'DNADesign\\Elemental\\Models\\BaseElement'),
(166, 'SilverStripe\\Versioned\\ChangeSetItem', '2023-02-24 14:19:57', '2023-02-24 14:19:57', 2, 2, 'implicitly', 36, 3, 'SilverStripe\\Assets\\File'),
(167, 'SilverStripe\\Versioned\\ChangeSetItem', '2023-02-24 14:19:57', '2023-02-24 14:19:57', 2, 2, 'implicitly', 36, 4, 'SilverStripe\\Assets\\File'),
(168, 'SilverStripe\\Versioned\\ChangeSetItem', '2023-02-24 14:19:57', '2023-02-24 14:19:57', 2, 2, 'implicitly', 36, 5, 'SilverStripe\\Assets\\File'),
(169, 'SilverStripe\\Versioned\\ChangeSetItem', '2023-02-24 14:19:57', '2023-02-24 14:19:57', 0, 2, 'implicitly', 36, 6, 'SilverStripe\\Assets\\File'),
(170, 'SilverStripe\\Versioned\\ChangeSetItem', '2023-02-24 14:28:02', '2023-02-24 14:28:02', 2, 2, 'explicitly', 37, 6, 'SilverStripe\\CMS\\Model\\SiteTree'),
(171, 'SilverStripe\\Versioned\\ChangeSetItem', '2023-02-24 14:28:02', '2023-02-24 14:28:02', 2, 2, 'implicitly', 37, 1, 'DNADesign\\Elemental\\Models\\ElementalArea'),
(172, 'SilverStripe\\Versioned\\ChangeSetItem', '2023-02-24 14:28:02', '2023-02-24 14:28:02', 13, 13, 'implicitly', 37, 2, 'DNADesign\\Elemental\\Models\\BaseElement'),
(173, 'SilverStripe\\Versioned\\ChangeSetItem', '2023-02-24 14:28:02', '2023-02-24 14:28:02', 7, 7, 'implicitly', 37, 3, 'DNADesign\\Elemental\\Models\\BaseElement'),
(174, 'SilverStripe\\Versioned\\ChangeSetItem', '2023-02-24 14:28:02', '2023-02-24 14:28:02', 8, 8, 'implicitly', 37, 4, 'DNADesign\\Elemental\\Models\\BaseElement'),
(175, 'SilverStripe\\Versioned\\ChangeSetItem', '2023-02-24 14:28:02', '2023-02-24 14:28:02', 11, 11, 'implicitly', 37, 5, 'DNADesign\\Elemental\\Models\\BaseElement'),
(176, 'SilverStripe\\Versioned\\ChangeSetItem', '2023-02-24 14:28:02', '2023-02-24 14:28:02', 5, 5, 'implicitly', 37, 6, 'DNADesign\\Elemental\\Models\\BaseElement'),
(177, 'SilverStripe\\Versioned\\ChangeSetItem', '2023-02-24 14:28:02', '2023-02-24 14:28:02', 2, 2, 'implicitly', 37, 3, 'SilverStripe\\Assets\\File'),
(178, 'SilverStripe\\Versioned\\ChangeSetItem', '2023-02-24 14:28:02', '2023-02-24 14:28:02', 2, 2, 'implicitly', 37, 4, 'SilverStripe\\Assets\\File'),
(179, 'SilverStripe\\Versioned\\ChangeSetItem', '2023-02-24 14:28:02', '2023-02-24 14:28:02', 2, 2, 'implicitly', 37, 5, 'SilverStripe\\Assets\\File'),
(180, 'SilverStripe\\Versioned\\ChangeSetItem', '2023-02-24 14:28:02', '2023-02-24 14:28:02', 2, 2, 'implicitly', 37, 6, 'SilverStripe\\Assets\\File'),
(181, 'SilverStripe\\Versioned\\ChangeSetItem', '2023-02-24 14:28:29', '2023-02-24 14:28:29', 2, 2, 'explicitly', 38, 6, 'SilverStripe\\CMS\\Model\\SiteTree'),
(182, 'SilverStripe\\Versioned\\ChangeSetItem', '2023-02-24 14:28:29', '2023-02-24 14:28:29', 2, 2, 'implicitly', 38, 1, 'DNADesign\\Elemental\\Models\\ElementalArea'),
(183, 'SilverStripe\\Versioned\\ChangeSetItem', '2023-02-24 14:28:29', '2023-02-24 14:28:29', 13, 13, 'implicitly', 38, 2, 'DNADesign\\Elemental\\Models\\BaseElement'),
(184, 'SilverStripe\\Versioned\\ChangeSetItem', '2023-02-24 14:28:29', '2023-02-24 14:28:29', 7, 7, 'implicitly', 38, 3, 'DNADesign\\Elemental\\Models\\BaseElement'),
(185, 'SilverStripe\\Versioned\\ChangeSetItem', '2023-02-24 14:28:29', '2023-02-24 14:28:29', 8, 8, 'implicitly', 38, 4, 'DNADesign\\Elemental\\Models\\BaseElement'),
(186, 'SilverStripe\\Versioned\\ChangeSetItem', '2023-02-24 14:28:29', '2023-02-24 14:28:29', 11, 11, 'implicitly', 38, 5, 'DNADesign\\Elemental\\Models\\BaseElement'),
(187, 'SilverStripe\\Versioned\\ChangeSetItem', '2023-02-24 14:28:29', '2023-02-24 14:28:29', 5, 5, 'implicitly', 38, 6, 'DNADesign\\Elemental\\Models\\BaseElement'),
(188, 'SilverStripe\\Versioned\\ChangeSetItem', '2023-02-24 14:28:29', '2023-02-24 14:28:29', 0, 3, 'implicitly', 38, 7, 'DNADesign\\Elemental\\Models\\BaseElement'),
(189, 'SilverStripe\\Versioned\\ChangeSetItem', '2023-02-24 14:28:29', '2023-02-24 14:28:29', 2, 2, 'implicitly', 38, 3, 'SilverStripe\\Assets\\File'),
(190, 'SilverStripe\\Versioned\\ChangeSetItem', '2023-02-24 14:28:29', '2023-02-24 14:28:29', 2, 2, 'implicitly', 38, 4, 'SilverStripe\\Assets\\File'),
(191, 'SilverStripe\\Versioned\\ChangeSetItem', '2023-02-24 14:28:29', '2023-02-24 14:28:29', 2, 2, 'implicitly', 38, 5, 'SilverStripe\\Assets\\File'),
(192, 'SilverStripe\\Versioned\\ChangeSetItem', '2023-02-24 14:28:29', '2023-02-24 14:28:29', 2, 2, 'implicitly', 38, 6, 'SilverStripe\\Assets\\File'),
(193, 'SilverStripe\\Versioned\\ChangeSetItem', '2023-02-24 14:28:34', '2023-02-24 14:28:34', 2, 2, 'explicitly', 39, 6, 'SilverStripe\\CMS\\Model\\SiteTree'),
(194, 'SilverStripe\\Versioned\\ChangeSetItem', '2023-02-24 14:28:34', '2023-02-24 14:28:34', 2, 2, 'implicitly', 39, 1, 'DNADesign\\Elemental\\Models\\ElementalArea'),
(195, 'SilverStripe\\Versioned\\ChangeSetItem', '2023-02-24 14:28:34', '2023-02-24 14:28:34', 13, 13, 'implicitly', 39, 2, 'DNADesign\\Elemental\\Models\\BaseElement'),
(196, 'SilverStripe\\Versioned\\ChangeSetItem', '2023-02-24 14:28:34', '2023-02-24 14:28:34', 7, 7, 'implicitly', 39, 3, 'DNADesign\\Elemental\\Models\\BaseElement'),
(197, 'SilverStripe\\Versioned\\ChangeSetItem', '2023-02-24 14:28:34', '2023-02-24 14:28:34', 8, 8, 'implicitly', 39, 4, 'DNADesign\\Elemental\\Models\\BaseElement'),
(198, 'SilverStripe\\Versioned\\ChangeSetItem', '2023-02-24 14:28:34', '2023-02-24 14:28:34', 11, 11, 'implicitly', 39, 5, 'DNADesign\\Elemental\\Models\\BaseElement'),
(199, 'SilverStripe\\Versioned\\ChangeSetItem', '2023-02-24 14:28:34', '2023-02-24 14:28:34', 5, 5, 'implicitly', 39, 6, 'DNADesign\\Elemental\\Models\\BaseElement'),
(200, 'SilverStripe\\Versioned\\ChangeSetItem', '2023-02-24 14:28:34', '2023-02-24 14:28:34', 3, 3, 'implicitly', 39, 7, 'DNADesign\\Elemental\\Models\\BaseElement'),
(201, 'SilverStripe\\Versioned\\ChangeSetItem', '2023-02-24 14:28:34', '2023-02-24 14:28:34', 2, 2, 'implicitly', 39, 3, 'SilverStripe\\Assets\\File'),
(202, 'SilverStripe\\Versioned\\ChangeSetItem', '2023-02-24 14:28:34', '2023-02-24 14:28:34', 2, 2, 'implicitly', 39, 4, 'SilverStripe\\Assets\\File'),
(203, 'SilverStripe\\Versioned\\ChangeSetItem', '2023-02-24 14:28:34', '2023-02-24 14:28:34', 2, 2, 'implicitly', 39, 5, 'SilverStripe\\Assets\\File'),
(204, 'SilverStripe\\Versioned\\ChangeSetItem', '2023-02-24 14:28:34', '2023-02-24 14:28:34', 2, 2, 'implicitly', 39, 6, 'SilverStripe\\Assets\\File'),
(205, 'SilverStripe\\Versioned\\ChangeSetItem', '2023-02-24 14:28:57', '2023-02-24 14:28:57', 2, 2, 'explicitly', 40, 6, 'SilverStripe\\CMS\\Model\\SiteTree'),
(206, 'SilverStripe\\Versioned\\ChangeSetItem', '2023-02-24 14:28:57', '2023-02-24 14:28:57', 2, 2, 'implicitly', 40, 1, 'DNADesign\\Elemental\\Models\\ElementalArea'),
(207, 'SilverStripe\\Versioned\\ChangeSetItem', '2023-02-24 14:28:57', '2023-02-24 14:28:57', 13, 13, 'implicitly', 40, 2, 'DNADesign\\Elemental\\Models\\BaseElement'),
(208, 'SilverStripe\\Versioned\\ChangeSetItem', '2023-02-24 14:28:57', '2023-02-24 14:28:57', 7, 7, 'implicitly', 40, 3, 'DNADesign\\Elemental\\Models\\BaseElement'),
(209, 'SilverStripe\\Versioned\\ChangeSetItem', '2023-02-24 14:28:57', '2023-02-24 14:28:57', 8, 8, 'implicitly', 40, 4, 'DNADesign\\Elemental\\Models\\BaseElement'),
(210, 'SilverStripe\\Versioned\\ChangeSetItem', '2023-02-24 14:28:57', '2023-02-24 14:28:57', 11, 11, 'implicitly', 40, 5, 'DNADesign\\Elemental\\Models\\BaseElement'),
(211, 'SilverStripe\\Versioned\\ChangeSetItem', '2023-02-24 14:28:57', '2023-02-24 14:28:57', 5, 5, 'implicitly', 40, 6, 'DNADesign\\Elemental\\Models\\BaseElement'),
(212, 'SilverStripe\\Versioned\\ChangeSetItem', '2023-02-24 14:28:57', '2023-02-24 14:28:57', 3, 3, 'implicitly', 40, 7, 'DNADesign\\Elemental\\Models\\BaseElement'),
(213, 'SilverStripe\\Versioned\\ChangeSetItem', '2023-02-24 14:28:57', '2023-02-24 14:28:57', 2, 2, 'implicitly', 40, 3, 'SilverStripe\\Assets\\File'),
(214, 'SilverStripe\\Versioned\\ChangeSetItem', '2023-02-24 14:28:57', '2023-02-24 14:28:57', 2, 2, 'implicitly', 40, 4, 'SilverStripe\\Assets\\File'),
(215, 'SilverStripe\\Versioned\\ChangeSetItem', '2023-02-24 14:28:57', '2023-02-24 14:28:57', 2, 2, 'implicitly', 40, 5, 'SilverStripe\\Assets\\File'),
(216, 'SilverStripe\\Versioned\\ChangeSetItem', '2023-02-24 14:28:57', '2023-02-24 14:28:57', 2, 2, 'implicitly', 40, 6, 'SilverStripe\\Assets\\File'),
(217, 'SilverStripe\\Versioned\\ChangeSetItem', '2023-02-24 14:29:59', '2023-02-24 14:29:59', 0, 0, 'explicitly', 41, 1, 'Project'),
(218, 'SilverStripe\\Versioned\\ChangeSetItem', '2023-02-24 14:29:59', '2023-02-24 14:29:59', 0, 2, 'implicitly', 41, 7, 'SilverStripe\\Assets\\File'),
(219, 'SilverStripe\\Versioned\\ChangeSetItem', '2023-02-24 14:30:51', '2023-02-24 14:30:51', 2, 2, 'explicitly', 42, 6, 'SilverStripe\\CMS\\Model\\SiteTree'),
(220, 'SilverStripe\\Versioned\\ChangeSetItem', '2023-02-24 14:30:51', '2023-02-24 14:30:51', 2, 2, 'implicitly', 42, 1, 'DNADesign\\Elemental\\Models\\ElementalArea'),
(221, 'SilverStripe\\Versioned\\ChangeSetItem', '2023-02-24 14:30:51', '2023-02-24 14:30:51', 13, 13, 'implicitly', 42, 2, 'DNADesign\\Elemental\\Models\\BaseElement'),
(222, 'SilverStripe\\Versioned\\ChangeSetItem', '2023-02-24 14:30:51', '2023-02-24 14:30:51', 7, 7, 'implicitly', 42, 3, 'DNADesign\\Elemental\\Models\\BaseElement'),
(223, 'SilverStripe\\Versioned\\ChangeSetItem', '2023-02-24 14:30:51', '2023-02-24 14:30:51', 8, 8, 'implicitly', 42, 4, 'DNADesign\\Elemental\\Models\\BaseElement'),
(224, 'SilverStripe\\Versioned\\ChangeSetItem', '2023-02-24 14:30:51', '2023-02-24 14:30:51', 11, 11, 'implicitly', 42, 5, 'DNADesign\\Elemental\\Models\\BaseElement'),
(225, 'SilverStripe\\Versioned\\ChangeSetItem', '2023-02-24 14:30:51', '2023-02-24 14:30:51', 5, 5, 'implicitly', 42, 6, 'DNADesign\\Elemental\\Models\\BaseElement'),
(226, 'SilverStripe\\Versioned\\ChangeSetItem', '2023-02-24 14:30:51', '2023-02-24 14:30:51', 3, 3, 'implicitly', 42, 7, 'DNADesign\\Elemental\\Models\\BaseElement'),
(227, 'SilverStripe\\Versioned\\ChangeSetItem', '2023-02-24 14:30:51', '2023-02-24 14:30:51', 0, 3, 'implicitly', 42, 8, 'DNADesign\\Elemental\\Models\\BaseElement'),
(228, 'SilverStripe\\Versioned\\ChangeSetItem', '2023-02-24 14:30:51', '2023-02-24 14:30:51', 2, 2, 'implicitly', 42, 3, 'SilverStripe\\Assets\\File'),
(229, 'SilverStripe\\Versioned\\ChangeSetItem', '2023-02-24 14:30:51', '2023-02-24 14:30:51', 2, 2, 'implicitly', 42, 4, 'SilverStripe\\Assets\\File'),
(230, 'SilverStripe\\Versioned\\ChangeSetItem', '2023-02-24 14:30:51', '2023-02-24 14:30:51', 2, 2, 'implicitly', 42, 5, 'SilverStripe\\Assets\\File'),
(231, 'SilverStripe\\Versioned\\ChangeSetItem', '2023-02-24 14:30:51', '2023-02-24 14:30:51', 2, 2, 'implicitly', 42, 6, 'SilverStripe\\Assets\\File'),
(232, 'SilverStripe\\Versioned\\ChangeSetItem', '2023-02-24 14:37:17', '2023-02-24 14:37:17', 2, 2, 'explicitly', 43, 6, 'SilverStripe\\CMS\\Model\\SiteTree'),
(233, 'SilverStripe\\Versioned\\ChangeSetItem', '2023-02-24 14:37:17', '2023-02-24 14:37:17', 2, 2, 'implicitly', 43, 1, 'DNADesign\\Elemental\\Models\\ElementalArea'),
(234, 'SilverStripe\\Versioned\\ChangeSetItem', '2023-02-24 14:37:17', '2023-02-24 14:37:17', 13, 13, 'implicitly', 43, 2, 'DNADesign\\Elemental\\Models\\BaseElement'),
(235, 'SilverStripe\\Versioned\\ChangeSetItem', '2023-02-24 14:37:17', '2023-02-24 14:37:17', 7, 7, 'implicitly', 43, 3, 'DNADesign\\Elemental\\Models\\BaseElement'),
(236, 'SilverStripe\\Versioned\\ChangeSetItem', '2023-02-24 14:37:17', '2023-02-24 14:37:17', 8, 8, 'implicitly', 43, 4, 'DNADesign\\Elemental\\Models\\BaseElement'),
(237, 'SilverStripe\\Versioned\\ChangeSetItem', '2023-02-24 14:37:17', '2023-02-24 14:37:17', 11, 11, 'implicitly', 43, 5, 'DNADesign\\Elemental\\Models\\BaseElement'),
(238, 'SilverStripe\\Versioned\\ChangeSetItem', '2023-02-24 14:37:17', '2023-02-24 14:37:17', 5, 5, 'implicitly', 43, 6, 'DNADesign\\Elemental\\Models\\BaseElement'),
(239, 'SilverStripe\\Versioned\\ChangeSetItem', '2023-02-24 14:37:17', '2023-02-24 14:37:17', 3, 3, 'implicitly', 43, 7, 'DNADesign\\Elemental\\Models\\BaseElement'),
(240, 'SilverStripe\\Versioned\\ChangeSetItem', '2023-02-24 14:37:17', '2023-02-24 14:37:17', 3, 3, 'implicitly', 43, 8, 'DNADesign\\Elemental\\Models\\BaseElement'),
(241, 'SilverStripe\\Versioned\\ChangeSetItem', '2023-02-24 14:37:17', '2023-02-24 14:37:17', 2, 2, 'implicitly', 43, 3, 'SilverStripe\\Assets\\File'),
(242, 'SilverStripe\\Versioned\\ChangeSetItem', '2023-02-24 14:37:17', '2023-02-24 14:37:17', 2, 2, 'implicitly', 43, 4, 'SilverStripe\\Assets\\File'),
(243, 'SilverStripe\\Versioned\\ChangeSetItem', '2023-02-24 14:37:17', '2023-02-24 14:37:17', 2, 2, 'implicitly', 43, 5, 'SilverStripe\\Assets\\File'),
(244, 'SilverStripe\\Versioned\\ChangeSetItem', '2023-02-24 14:37:17', '2023-02-24 14:37:17', 2, 2, 'implicitly', 43, 6, 'SilverStripe\\Assets\\File'),
(245, 'SilverStripe\\Versioned\\ChangeSetItem', '2023-02-24 15:33:19', '2023-02-24 15:33:19', 2, 2, 'explicitly', 44, 6, 'SilverStripe\\CMS\\Model\\SiteTree'),
(246, 'SilverStripe\\Versioned\\ChangeSetItem', '2023-02-24 15:33:19', '2023-02-24 15:33:19', 2, 2, 'implicitly', 44, 1, 'DNADesign\\Elemental\\Models\\ElementalArea'),
(247, 'SilverStripe\\Versioned\\ChangeSetItem', '2023-02-24 15:33:19', '2023-02-24 15:33:19', 13, 15, 'implicitly', 44, 2, 'DNADesign\\Elemental\\Models\\BaseElement'),
(248, 'SilverStripe\\Versioned\\ChangeSetItem', '2023-02-24 15:33:19', '2023-02-24 15:33:19', 7, 7, 'implicitly', 44, 3, 'DNADesign\\Elemental\\Models\\BaseElement'),
(249, 'SilverStripe\\Versioned\\ChangeSetItem', '2023-02-24 15:33:19', '2023-02-24 15:33:19', 8, 8, 'implicitly', 44, 4, 'DNADesign\\Elemental\\Models\\BaseElement'),
(250, 'SilverStripe\\Versioned\\ChangeSetItem', '2023-02-24 15:33:19', '2023-02-24 15:33:19', 11, 11, 'implicitly', 44, 5, 'DNADesign\\Elemental\\Models\\BaseElement'),
(251, 'SilverStripe\\Versioned\\ChangeSetItem', '2023-02-24 15:33:19', '2023-02-24 15:33:19', 5, 5, 'implicitly', 44, 6, 'DNADesign\\Elemental\\Models\\BaseElement'),
(252, 'SilverStripe\\Versioned\\ChangeSetItem', '2023-02-24 15:33:19', '2023-02-24 15:33:19', 3, 3, 'implicitly', 44, 7, 'DNADesign\\Elemental\\Models\\BaseElement'),
(253, 'SilverStripe\\Versioned\\ChangeSetItem', '2023-02-24 15:33:19', '2023-02-24 15:33:19', 3, 3, 'implicitly', 44, 8, 'DNADesign\\Elemental\\Models\\BaseElement'),
(254, 'SilverStripe\\Versioned\\ChangeSetItem', '2023-02-24 15:33:19', '2023-02-24 15:33:19', 2, 2, 'implicitly', 44, 3, 'SilverStripe\\Assets\\File'),
(255, 'SilverStripe\\Versioned\\ChangeSetItem', '2023-02-24 15:33:19', '2023-02-24 15:33:19', 2, 2, 'implicitly', 44, 4, 'SilverStripe\\Assets\\File'),
(256, 'SilverStripe\\Versioned\\ChangeSetItem', '2023-02-24 15:33:19', '2023-02-24 15:33:19', 2, 2, 'implicitly', 44, 5, 'SilverStripe\\Assets\\File'),
(257, 'SilverStripe\\Versioned\\ChangeSetItem', '2023-02-24 15:33:19', '2023-02-24 15:33:19', 2, 2, 'implicitly', 44, 6, 'SilverStripe\\Assets\\File'),
(258, 'SilverStripe\\Versioned\\ChangeSetItem', '2023-02-24 15:34:12', '2023-02-24 15:34:12', 2, 2, 'explicitly', 45, 6, 'SilverStripe\\CMS\\Model\\SiteTree'),
(259, 'SilverStripe\\Versioned\\ChangeSetItem', '2023-02-24 15:34:12', '2023-02-24 15:34:12', 2, 2, 'implicitly', 45, 1, 'DNADesign\\Elemental\\Models\\ElementalArea'),
(260, 'SilverStripe\\Versioned\\ChangeSetItem', '2023-02-24 15:34:12', '2023-02-24 15:34:12', 15, 15, 'implicitly', 45, 2, 'DNADesign\\Elemental\\Models\\BaseElement'),
(261, 'SilverStripe\\Versioned\\ChangeSetItem', '2023-02-24 15:34:12', '2023-02-24 15:34:12', 7, 9, 'implicitly', 45, 3, 'DNADesign\\Elemental\\Models\\BaseElement'),
(262, 'SilverStripe\\Versioned\\ChangeSetItem', '2023-02-24 15:34:12', '2023-02-24 15:34:12', 8, 10, 'implicitly', 45, 4, 'DNADesign\\Elemental\\Models\\BaseElement'),
(263, 'SilverStripe\\Versioned\\ChangeSetItem', '2023-02-24 15:34:12', '2023-02-24 15:34:12', 11, 13, 'implicitly', 45, 5, 'DNADesign\\Elemental\\Models\\BaseElement'),
(264, 'SilverStripe\\Versioned\\ChangeSetItem', '2023-02-24 15:34:12', '2023-02-24 15:34:12', 5, 7, 'implicitly', 45, 6, 'DNADesign\\Elemental\\Models\\BaseElement'),
(265, 'SilverStripe\\Versioned\\ChangeSetItem', '2023-02-24 15:34:12', '2023-02-24 15:34:12', 3, 5, 'implicitly', 45, 7, 'DNADesign\\Elemental\\Models\\BaseElement'),
(266, 'SilverStripe\\Versioned\\ChangeSetItem', '2023-02-24 15:34:12', '2023-02-24 15:34:12', 3, 3, 'implicitly', 45, 8, 'DNADesign\\Elemental\\Models\\BaseElement'),
(267, 'SilverStripe\\Versioned\\ChangeSetItem', '2023-02-24 15:34:12', '2023-02-24 15:34:12', 2, 2, 'implicitly', 45, 3, 'SilverStripe\\Assets\\File'),
(268, 'SilverStripe\\Versioned\\ChangeSetItem', '2023-02-24 15:34:12', '2023-02-24 15:34:12', 2, 2, 'implicitly', 45, 4, 'SilverStripe\\Assets\\File'),
(269, 'SilverStripe\\Versioned\\ChangeSetItem', '2023-02-24 15:34:12', '2023-02-24 15:34:12', 2, 2, 'implicitly', 45, 5, 'SilverStripe\\Assets\\File'),
(270, 'SilverStripe\\Versioned\\ChangeSetItem', '2023-02-24 15:34:12', '2023-02-24 15:34:12', 2, 2, 'implicitly', 45, 6, 'SilverStripe\\Assets\\File'),
(271, 'SilverStripe\\Versioned\\ChangeSetItem', '2023-02-24 15:41:55', '2023-02-24 15:41:55', 2, 2, 'explicitly', 46, 6, 'SilverStripe\\CMS\\Model\\SiteTree'),
(272, 'SilverStripe\\Versioned\\ChangeSetItem', '2023-02-24 15:41:55', '2023-02-24 15:41:55', 2, 2, 'implicitly', 46, 1, 'DNADesign\\Elemental\\Models\\ElementalArea'),
(273, 'SilverStripe\\Versioned\\ChangeSetItem', '2023-02-24 15:41:55', '2023-02-24 15:41:55', 15, 15, 'implicitly', 46, 2, 'DNADesign\\Elemental\\Models\\BaseElement'),
(274, 'SilverStripe\\Versioned\\ChangeSetItem', '2023-02-24 15:41:55', '2023-02-24 15:41:55', 9, 9, 'implicitly', 46, 3, 'DNADesign\\Elemental\\Models\\BaseElement'),
(275, 'SilverStripe\\Versioned\\ChangeSetItem', '2023-02-24 15:41:55', '2023-02-24 15:41:55', 10, 10, 'implicitly', 46, 4, 'DNADesign\\Elemental\\Models\\BaseElement'),
(276, 'SilverStripe\\Versioned\\ChangeSetItem', '2023-02-24 15:41:55', '2023-02-24 15:41:55', 13, 13, 'implicitly', 46, 5, 'DNADesign\\Elemental\\Models\\BaseElement'),
(277, 'SilverStripe\\Versioned\\ChangeSetItem', '2023-02-24 15:41:55', '2023-02-24 15:41:55', 7, 7, 'implicitly', 46, 6, 'DNADesign\\Elemental\\Models\\BaseElement'),
(278, 'SilverStripe\\Versioned\\ChangeSetItem', '2023-02-24 15:41:55', '2023-02-24 15:41:55', 5, 5, 'implicitly', 46, 7, 'DNADesign\\Elemental\\Models\\BaseElement'),
(279, 'SilverStripe\\Versioned\\ChangeSetItem', '2023-02-24 15:41:55', '2023-02-24 15:41:55', 3, 5, 'implicitly', 46, 8, 'DNADesign\\Elemental\\Models\\BaseElement'),
(280, 'SilverStripe\\Versioned\\ChangeSetItem', '2023-02-24 15:41:55', '2023-02-24 15:41:55', 2, 2, 'implicitly', 46, 3, 'SilverStripe\\Assets\\File'),
(281, 'SilverStripe\\Versioned\\ChangeSetItem', '2023-02-24 15:41:55', '2023-02-24 15:41:55', 2, 2, 'implicitly', 46, 4, 'SilverStripe\\Assets\\File'),
(282, 'SilverStripe\\Versioned\\ChangeSetItem', '2023-02-24 15:41:55', '2023-02-24 15:41:55', 2, 2, 'implicitly', 46, 5, 'SilverStripe\\Assets\\File'),
(283, 'SilverStripe\\Versioned\\ChangeSetItem', '2023-02-24 15:41:55', '2023-02-24 15:41:55', 2, 2, 'implicitly', 46, 6, 'SilverStripe\\Assets\\File'),
(284, 'SilverStripe\\Versioned\\ChangeSetItem', '2023-02-24 15:42:20', '2023-02-24 15:42:20', 2, 5, 'explicitly', 47, 6, 'SilverStripe\\CMS\\Model\\SiteTree'),
(285, 'SilverStripe\\Versioned\\ChangeSetItem', '2023-02-24 15:42:20', '2023-02-24 15:42:20', 2, 2, 'implicitly', 47, 1, 'DNADesign\\Elemental\\Models\\ElementalArea'),
(286, 'SilverStripe\\Versioned\\ChangeSetItem', '2023-02-24 15:42:20', '2023-02-24 15:42:20', 15, 15, 'implicitly', 47, 2, 'DNADesign\\Elemental\\Models\\BaseElement'),
(287, 'SilverStripe\\Versioned\\ChangeSetItem', '2023-02-24 15:42:20', '2023-02-24 15:42:20', 9, 9, 'implicitly', 47, 3, 'DNADesign\\Elemental\\Models\\BaseElement'),
(288, 'SilverStripe\\Versioned\\ChangeSetItem', '2023-02-24 15:42:20', '2023-02-24 15:42:20', 10, 10, 'implicitly', 47, 4, 'DNADesign\\Elemental\\Models\\BaseElement'),
(289, 'SilverStripe\\Versioned\\ChangeSetItem', '2023-02-24 15:42:20', '2023-02-24 15:42:20', 13, 13, 'implicitly', 47, 5, 'DNADesign\\Elemental\\Models\\BaseElement'),
(290, 'SilverStripe\\Versioned\\ChangeSetItem', '2023-02-24 15:42:20', '2023-02-24 15:42:20', 7, 7, 'implicitly', 47, 6, 'DNADesign\\Elemental\\Models\\BaseElement'),
(291, 'SilverStripe\\Versioned\\ChangeSetItem', '2023-02-24 15:42:20', '2023-02-24 15:42:20', 5, 5, 'implicitly', 47, 7, 'DNADesign\\Elemental\\Models\\BaseElement'),
(292, 'SilverStripe\\Versioned\\ChangeSetItem', '2023-02-24 15:42:20', '2023-02-24 15:42:20', 5, 5, 'implicitly', 47, 8, 'DNADesign\\Elemental\\Models\\BaseElement'),
(293, 'SilverStripe\\Versioned\\ChangeSetItem', '2023-02-24 15:42:20', '2023-02-24 15:42:20', 2, 2, 'implicitly', 47, 3, 'SilverStripe\\Assets\\File'),
(294, 'SilverStripe\\Versioned\\ChangeSetItem', '2023-02-24 15:42:20', '2023-02-24 15:42:20', 2, 2, 'implicitly', 47, 4, 'SilverStripe\\Assets\\File'),
(295, 'SilverStripe\\Versioned\\ChangeSetItem', '2023-02-24 15:42:20', '2023-02-24 15:42:20', 2, 2, 'implicitly', 47, 5, 'SilverStripe\\Assets\\File'),
(296, 'SilverStripe\\Versioned\\ChangeSetItem', '2023-02-24 15:42:20', '2023-02-24 15:42:20', 2, 2, 'implicitly', 47, 6, 'SilverStripe\\Assets\\File'),
(297, 'SilverStripe\\Versioned\\ChangeSetItem', '2023-02-24 15:42:37', '2023-02-24 15:42:37', 2, 4, 'explicitly', 48, 3, 'SilverStripe\\CMS\\Model\\SiteTree'),
(298, 'SilverStripe\\Versioned\\ChangeSetItem', '2023-02-24 15:42:59', '2023-02-24 15:42:59', 4, 6, 'explicitly', 49, 3, 'SilverStripe\\CMS\\Model\\SiteTree'),
(299, 'SilverStripe\\Versioned\\ChangeSetItem', '2023-02-24 15:46:31', '2023-02-24 15:46:31', 5, 5, 'explicitly', 50, 6, 'SilverStripe\\CMS\\Model\\SiteTree'),
(300, 'SilverStripe\\Versioned\\ChangeSetItem', '2023-02-24 15:46:31', '2023-02-24 15:46:31', 2, 2, 'implicitly', 50, 1, 'DNADesign\\Elemental\\Models\\ElementalArea'),
(301, 'SilverStripe\\Versioned\\ChangeSetItem', '2023-02-24 15:46:31', '2023-02-24 15:46:31', 15, 17, 'implicitly', 50, 2, 'DNADesign\\Elemental\\Models\\BaseElement'),
(302, 'SilverStripe\\Versioned\\ChangeSetItem', '2023-02-24 15:46:31', '2023-02-24 15:46:31', 9, 11, 'implicitly', 50, 3, 'DNADesign\\Elemental\\Models\\BaseElement'),
(303, 'SilverStripe\\Versioned\\ChangeSetItem', '2023-02-24 15:46:31', '2023-02-24 15:46:31', 10, 10, 'implicitly', 50, 4, 'DNADesign\\Elemental\\Models\\BaseElement'),
(304, 'SilverStripe\\Versioned\\ChangeSetItem', '2023-02-24 15:46:31', '2023-02-24 15:46:31', 13, 13, 'implicitly', 50, 5, 'DNADesign\\Elemental\\Models\\BaseElement'),
(305, 'SilverStripe\\Versioned\\ChangeSetItem', '2023-02-24 15:46:31', '2023-02-24 15:46:31', 7, 7, 'implicitly', 50, 6, 'DNADesign\\Elemental\\Models\\BaseElement'),
(306, 'SilverStripe\\Versioned\\ChangeSetItem', '2023-02-24 15:46:31', '2023-02-24 15:46:31', 5, 5, 'implicitly', 50, 7, 'DNADesign\\Elemental\\Models\\BaseElement'),
(307, 'SilverStripe\\Versioned\\ChangeSetItem', '2023-02-24 15:46:31', '2023-02-24 15:46:31', 5, 5, 'implicitly', 50, 8, 'DNADesign\\Elemental\\Models\\BaseElement'),
(308, 'SilverStripe\\Versioned\\ChangeSetItem', '2023-02-24 15:46:31', '2023-02-24 15:46:31', 2, 2, 'implicitly', 50, 3, 'SilverStripe\\Assets\\File'),
(309, 'SilverStripe\\Versioned\\ChangeSetItem', '2023-02-24 15:46:31', '2023-02-24 15:46:31', 2, 2, 'implicitly', 50, 4, 'SilverStripe\\Assets\\File'),
(310, 'SilverStripe\\Versioned\\ChangeSetItem', '2023-02-24 15:46:31', '2023-02-24 15:46:31', 2, 2, 'implicitly', 50, 5, 'SilverStripe\\Assets\\File'),
(311, 'SilverStripe\\Versioned\\ChangeSetItem', '2023-02-24 15:46:31', '2023-02-24 15:46:31', 2, 2, 'implicitly', 50, 6, 'SilverStripe\\Assets\\File'),
(312, 'SilverStripe\\Versioned\\ChangeSetItem', '2023-02-24 15:47:20', '2023-02-24 15:47:20', 5, 5, 'explicitly', 51, 6, 'SilverStripe\\CMS\\Model\\SiteTree');
INSERT INTO `ChangeSetItem` (`ID`, `ClassName`, `LastEdited`, `Created`, `VersionBefore`, `VersionAfter`, `Added`, `ChangeSetID`, `ObjectID`, `ObjectClass`) VALUES
(313, 'SilverStripe\\Versioned\\ChangeSetItem', '2023-02-24 15:47:20', '2023-02-24 15:47:20', 2, 2, 'implicitly', 51, 1, 'DNADesign\\Elemental\\Models\\ElementalArea'),
(314, 'SilverStripe\\Versioned\\ChangeSetItem', '2023-02-24 15:47:20', '2023-02-24 15:47:20', 17, 17, 'implicitly', 51, 2, 'DNADesign\\Elemental\\Models\\BaseElement'),
(315, 'SilverStripe\\Versioned\\ChangeSetItem', '2023-02-24 15:47:20', '2023-02-24 15:47:20', 11, 11, 'implicitly', 51, 3, 'DNADesign\\Elemental\\Models\\BaseElement'),
(316, 'SilverStripe\\Versioned\\ChangeSetItem', '2023-02-24 15:47:20', '2023-02-24 15:47:20', 10, 12, 'implicitly', 51, 4, 'DNADesign\\Elemental\\Models\\BaseElement'),
(317, 'SilverStripe\\Versioned\\ChangeSetItem', '2023-02-24 15:47:20', '2023-02-24 15:47:20', 13, 13, 'implicitly', 51, 5, 'DNADesign\\Elemental\\Models\\BaseElement'),
(318, 'SilverStripe\\Versioned\\ChangeSetItem', '2023-02-24 15:47:20', '2023-02-24 15:47:20', 7, 9, 'implicitly', 51, 6, 'DNADesign\\Elemental\\Models\\BaseElement'),
(319, 'SilverStripe\\Versioned\\ChangeSetItem', '2023-02-24 15:47:20', '2023-02-24 15:47:20', 5, 7, 'implicitly', 51, 7, 'DNADesign\\Elemental\\Models\\BaseElement'),
(320, 'SilverStripe\\Versioned\\ChangeSetItem', '2023-02-24 15:47:20', '2023-02-24 15:47:20', 5, 7, 'implicitly', 51, 8, 'DNADesign\\Elemental\\Models\\BaseElement'),
(321, 'SilverStripe\\Versioned\\ChangeSetItem', '2023-02-24 15:47:20', '2023-02-24 15:47:20', 2, 2, 'implicitly', 51, 3, 'SilverStripe\\Assets\\File'),
(322, 'SilverStripe\\Versioned\\ChangeSetItem', '2023-02-24 15:47:20', '2023-02-24 15:47:20', 2, 2, 'implicitly', 51, 4, 'SilverStripe\\Assets\\File'),
(323, 'SilverStripe\\Versioned\\ChangeSetItem', '2023-02-24 15:47:20', '2023-02-24 15:47:20', 2, 2, 'implicitly', 51, 5, 'SilverStripe\\Assets\\File'),
(324, 'SilverStripe\\Versioned\\ChangeSetItem', '2023-02-24 15:47:20', '2023-02-24 15:47:20', 2, 2, 'implicitly', 51, 6, 'SilverStripe\\Assets\\File'),
(325, 'SilverStripe\\Versioned\\ChangeSetItem', '2023-02-24 15:59:38', '2023-02-24 15:59:38', 6, 8, 'explicitly', 52, 3, 'SilverStripe\\CMS\\Model\\SiteTree'),
(326, 'SilverStripe\\Versioned\\ChangeSetItem', '2023-02-24 15:59:38', '2023-02-24 15:59:38', 0, 2, 'implicitly', 52, 3, 'DNADesign\\Elemental\\Models\\ElementalArea'),
(327, 'SilverStripe\\Versioned\\ChangeSetItem', '2023-02-24 15:59:57', '2023-02-24 15:59:57', 8, 8, 'explicitly', 53, 3, 'SilverStripe\\CMS\\Model\\SiteTree'),
(328, 'SilverStripe\\Versioned\\ChangeSetItem', '2023-02-24 15:59:57', '2023-02-24 15:59:57', 2, 2, 'implicitly', 53, 3, 'DNADesign\\Elemental\\Models\\ElementalArea'),
(329, 'SilverStripe\\Versioned\\ChangeSetItem', '2023-02-24 15:59:57', '2023-02-24 15:59:57', 0, 3, 'implicitly', 53, 9, 'DNADesign\\Elemental\\Models\\BaseElement'),
(330, 'SilverStripe\\Versioned\\ChangeSetItem', '2023-02-24 16:00:06', '2023-02-24 16:00:06', 8, 8, 'explicitly', 54, 3, 'SilverStripe\\CMS\\Model\\SiteTree'),
(331, 'SilverStripe\\Versioned\\ChangeSetItem', '2023-02-24 16:00:06', '2023-02-24 16:00:06', 2, 2, 'implicitly', 54, 3, 'DNADesign\\Elemental\\Models\\ElementalArea'),
(332, 'SilverStripe\\Versioned\\ChangeSetItem', '2023-02-24 16:00:06', '2023-02-24 16:00:06', 3, 5, 'implicitly', 54, 9, 'DNADesign\\Elemental\\Models\\BaseElement'),
(333, 'SilverStripe\\Versioned\\ChangeSetItem', '2023-02-24 16:01:01', '2023-02-24 16:01:01', 8, 8, 'explicitly', 55, 3, 'SilverStripe\\CMS\\Model\\SiteTree'),
(334, 'SilverStripe\\Versioned\\ChangeSetItem', '2023-02-24 16:01:01', '2023-02-24 16:01:01', 2, 2, 'implicitly', 55, 3, 'DNADesign\\Elemental\\Models\\ElementalArea'),
(335, 'SilverStripe\\Versioned\\ChangeSetItem', '2023-02-24 16:01:01', '2023-02-24 16:01:01', 0, 3, 'implicitly', 55, 11, 'DNADesign\\Elemental\\Models\\BaseElement'),
(336, 'SilverStripe\\Versioned\\ChangeSetItem', '2023-02-24 16:01:01', '2023-02-24 16:01:01', 0, 2, 'implicitly', 55, 8, 'SilverStripe\\Assets\\File');

-- --------------------------------------------------------

--
-- Table structure for table `ChangeSetItem_ReferencedBy`
--

CREATE TABLE `ChangeSetItem_ReferencedBy` (
  `ID` int(11) NOT NULL,
  `ChangeSetItemID` int(11) NOT NULL DEFAULT '0',
  `ChildID` int(11) NOT NULL DEFAULT '0'
) ENGINE=InnoDB DEFAULT CHARSET=latin1;

--
-- Dumping data for table `ChangeSetItem_ReferencedBy`
--

INSERT INTO `ChangeSetItem_ReferencedBy` (`ID`, `ChangeSetItemID`, `ChildID`) VALUES
(1, 9, 8),
(2, 11, 10),
(3, 13, 12),
(4, 15, 14),
(5, 16, 14),
(6, 18, 17),
(7, 19, 17),
(8, 21, 20),
(9, 22, 20),
(10, 24, 23),
(11, 25, 23),
(12, 26, 23),
(13, 28, 27),
(14, 29, 27),
(15, 30, 27),
(16, 31, 27),
(17, 33, 32),
(18, 34, 32),
(19, 35, 32),
(20, 36, 32),
(21, 38, 37),
(22, 39, 37),
(23, 40, 37),
(24, 41, 37),
(25, 43, 42),
(26, 44, 42),
(27, 45, 42),
(28, 46, 42),
(29, 48, 47),
(30, 49, 47),
(31, 50, 47),
(32, 51, 47),
(33, 53, 52),
(34, 54, 52),
(35, 55, 52),
(36, 56, 52),
(37, 58, 57),
(38, 59, 57),
(39, 60, 57),
(40, 61, 57),
(41, 62, 57),
(42, 67, 66),
(43, 68, 66),
(44, 69, 66),
(45, 70, 66),
(46, 71, 66),
(47, 72, 66),
(48, 74, 73),
(49, 75, 73),
(50, 76, 73),
(51, 77, 73),
(52, 78, 73),
(53, 79, 73),
(54, 81, 80),
(55, 82, 80),
(56, 83, 80),
(57, 84, 80),
(58, 85, 80),
(59, 86, 80),
(60, 88, 87),
(61, 89, 87),
(62, 90, 87),
(63, 91, 87),
(64, 92, 87),
(65, 93, 87),
(66, 94, 87),
(67, 96, 95),
(68, 97, 95),
(69, 98, 95),
(70, 99, 95),
(71, 100, 95),
(72, 101, 95),
(73, 102, 95),
(74, 103, 95),
(75, 105, 104),
(76, 106, 104),
(77, 107, 104),
(78, 108, 104),
(79, 109, 104),
(80, 110, 104),
(81, 111, 104),
(82, 112, 104),
(83, 114, 113),
(84, 115, 113),
(85, 116, 113),
(86, 117, 113),
(87, 118, 113),
(88, 119, 113),
(89, 120, 113),
(90, 121, 113),
(91, 123, 122),
(92, 124, 122),
(93, 125, 122),
(94, 126, 122),
(95, 127, 122),
(96, 128, 122),
(97, 129, 122),
(98, 130, 122),
(99, 132, 131),
(100, 133, 131),
(101, 134, 131),
(102, 135, 131),
(103, 136, 131),
(104, 137, 131),
(105, 138, 131),
(106, 139, 131),
(107, 141, 140),
(108, 142, 140),
(109, 143, 140),
(110, 144, 140),
(111, 145, 140),
(112, 146, 140),
(113, 147, 140),
(114, 148, 140),
(115, 150, 149),
(116, 151, 149),
(117, 152, 149),
(118, 153, 149),
(119, 154, 149),
(120, 155, 149),
(121, 156, 149),
(122, 157, 149),
(123, 158, 149),
(124, 160, 159),
(125, 161, 159),
(126, 162, 159),
(127, 163, 159),
(128, 164, 159),
(129, 165, 159),
(130, 166, 159),
(131, 167, 159),
(132, 168, 159),
(133, 169, 159),
(134, 171, 170),
(135, 172, 170),
(136, 173, 170),
(137, 174, 170),
(138, 175, 170),
(139, 176, 170),
(140, 177, 170),
(141, 178, 170),
(142, 179, 170),
(143, 180, 170),
(144, 182, 181),
(145, 183, 181),
(146, 184, 181),
(147, 185, 181),
(148, 186, 181),
(149, 187, 181),
(150, 188, 181),
(151, 189, 181),
(152, 190, 181),
(153, 191, 181),
(154, 192, 181),
(155, 194, 193),
(156, 195, 193),
(157, 196, 193),
(158, 197, 193),
(159, 198, 193),
(160, 199, 193),
(161, 200, 193),
(162, 201, 193),
(163, 202, 193),
(164, 203, 193),
(165, 204, 193),
(166, 206, 205),
(167, 207, 205),
(168, 208, 205),
(169, 209, 205),
(170, 210, 205),
(171, 211, 205),
(172, 212, 205),
(173, 213, 205),
(174, 214, 205),
(175, 215, 205),
(176, 216, 205),
(177, 218, 217),
(178, 220, 219),
(179, 221, 219),
(180, 222, 219),
(181, 223, 219),
(182, 224, 219),
(183, 225, 219),
(184, 226, 219),
(185, 227, 219),
(186, 228, 219),
(187, 229, 219),
(188, 230, 219),
(189, 231, 219),
(190, 233, 232),
(191, 234, 232),
(192, 235, 232),
(193, 236, 232),
(194, 237, 232),
(195, 238, 232),
(196, 239, 232),
(197, 240, 232),
(198, 241, 232),
(199, 242, 232),
(200, 243, 232),
(201, 244, 232),
(202, 246, 245),
(203, 247, 245),
(204, 248, 245),
(205, 249, 245),
(206, 250, 245),
(207, 251, 245),
(208, 252, 245),
(209, 253, 245),
(210, 254, 245),
(211, 255, 245),
(212, 256, 245),
(213, 257, 245),
(214, 259, 258),
(215, 260, 258),
(216, 261, 258),
(217, 262, 258),
(218, 263, 258),
(219, 264, 258),
(220, 265, 258),
(221, 266, 258),
(222, 267, 258),
(223, 268, 258),
(224, 269, 258),
(225, 270, 258),
(226, 272, 271),
(227, 273, 271),
(228, 274, 271),
(229, 275, 271),
(230, 276, 271),
(231, 277, 271),
(232, 278, 271),
(233, 279, 271),
(234, 280, 271),
(235, 281, 271),
(236, 282, 271),
(237, 283, 271),
(238, 285, 284),
(239, 286, 284),
(240, 287, 284),
(241, 288, 284),
(242, 289, 284),
(243, 290, 284),
(244, 291, 284),
(245, 292, 284),
(246, 293, 284),
(247, 294, 284),
(248, 295, 284),
(249, 296, 284),
(250, 300, 299),
(251, 301, 299),
(252, 302, 299),
(253, 303, 299),
(254, 304, 299),
(255, 305, 299),
(256, 306, 299),
(257, 307, 299),
(258, 308, 299),
(259, 309, 299),
(260, 310, 299),
(261, 311, 299),
(262, 313, 312),
(263, 314, 312),
(264, 315, 312),
(265, 316, 312),
(266, 317, 312),
(267, 318, 312),
(268, 319, 312),
(269, 320, 312),
(270, 321, 312),
(271, 322, 312),
(272, 323, 312),
(273, 324, 312),
(274, 326, 325),
(275, 328, 327),
(276, 329, 327),
(277, 331, 330),
(278, 332, 330),
(279, 334, 333),
(280, 335, 333),
(281, 336, 333);

-- --------------------------------------------------------

--
-- Table structure for table `Element`
--

CREATE TABLE `Element` (
  `ID` int(11) NOT NULL,
  `ClassName` enum('DNADesign\\Elemental\\Models\\BaseElement','ContactBarElement','EventsElement','HeroBannerElement','ProjectsListElement','TextLeftImageRightElement','DNADesign\\Elemental\\Models\\ElementContent') CHARACTER SET utf8mb4 COLLATE utf8mb4_unicode_ci DEFAULT 'DNADesign\\Elemental\\Models\\BaseElement',
  `LastEdited` datetime DEFAULT NULL,
  `Created` datetime DEFAULT NULL,
  `Version` int(11) NOT NULL DEFAULT '0',
  `Title` varchar(255) CHARACTER SET utf8mb4 COLLATE utf8mb4_unicode_ci DEFAULT NULL,
  `ShowTitle` tinyint(1) UNSIGNED NOT NULL DEFAULT '0',
  `Sort` int(11) NOT NULL DEFAULT '0',
  `ExtraClass` varchar(255) CHARACTER SET utf8mb4 COLLATE utf8mb4_unicode_ci DEFAULT NULL,
  `Style` varchar(255) CHARACTER SET utf8mb4 COLLATE utf8mb4_unicode_ci DEFAULT NULL,
  `ParentID` int(11) NOT NULL DEFAULT '0',
  `MenuTitle` varchar(255) CHARACTER SET utf8mb4 COLLATE utf8mb4_unicode_ci DEFAULT NULL
) ENGINE=InnoDB DEFAULT CHARSET=latin1;

--
-- Dumping data for table `Element`
--

INSERT INTO `Element` (`ID`, `ClassName`, `LastEdited`, `Created`, `Version`, `Title`, `ShowTitle`, `Sort`, `ExtraClass`, `Style`, `ParentID`, `MenuTitle`) VALUES
(2, 'HeroBannerElement', '2023-02-24 15:46:31', '2023-02-24 13:38:31', 17, 'Hero Banner', 0, 1, NULL, NULL, 1, 'Home'),
(3, 'EventsElement', '2023-02-24 15:46:31', '2023-02-24 13:47:45', 11, 'Events in NZ', 0, 2, NULL, NULL, 1, 'Events in NZ'),
(4, 'TextLeftImageRightElement', '2023-02-24 15:47:20', '2023-02-24 14:07:52', 12, 'Why is Bitcoin Important for NZ?', 0, 3, NULL, NULL, 1, 'Learn about Bitcoin'),
(5, 'ContactBarElement', '2023-02-24 15:34:12', '2023-02-24 14:13:58', 13, 'Contact Bar', 0, 4, NULL, NULL, 1, NULL),
(6, 'TextLeftImageRightElement', '2023-02-24 15:47:20', '2023-02-24 14:19:05', 9, 'FAQ', 1, 5, NULL, NULL, 1, 'FAQ'),
(7, 'ProjectsListElement', '2023-02-24 15:47:20', '2023-02-24 14:28:16', 7, 'Made in New Zealand', 1, 6, NULL, NULL, 1, 'Made in NZ'),
(8, 'DNADesign\\Elemental\\Models\\ElementContent', '2023-02-24 15:47:20', '2023-02-24 14:30:27', 7, 'Resources', 1, 7, NULL, NULL, 1, 'Articles & Guides'),
(11, 'TextLeftImageRightElement', '2023-02-24 16:01:01', '2023-02-24 16:00:25', 3, 'Contact', 0, 1, NULL, NULL, 3, 'Contact');

-- --------------------------------------------------------

--
-- Table structure for table `ElementalArea`
--

CREATE TABLE `ElementalArea` (
  `ID` int(11) NOT NULL,
  `ClassName` enum('DNADesign\\Elemental\\Models\\ElementalArea') CHARACTER SET utf8mb4 COLLATE utf8mb4_unicode_ci DEFAULT 'DNADesign\\Elemental\\Models\\ElementalArea',
  `LastEdited` datetime DEFAULT NULL,
  `Created` datetime DEFAULT NULL,
  `Version` int(11) NOT NULL DEFAULT '0',
  `OwnerClassName` varchar(255) CHARACTER SET utf8mb4 COLLATE utf8mb4_unicode_ci DEFAULT NULL
) ENGINE=InnoDB DEFAULT CHARSET=latin1;

--
-- Dumping data for table `ElementalArea`
--

INSERT INTO `ElementalArea` (`ID`, `ClassName`, `LastEdited`, `Created`, `Version`, `OwnerClassName`) VALUES
(1, 'DNADesign\\Elemental\\Models\\ElementalArea', '2023-02-24 13:21:51', '2023-02-24 13:21:48', 2, 'ElementalPage'),
(2, 'DNADesign\\Elemental\\Models\\ElementalArea', '2023-02-24 13:21:51', '2023-02-24 13:21:51', 1, 'ElementalPage'),
(3, 'DNADesign\\Elemental\\Models\\ElementalArea', '2023-02-24 15:59:38', '2023-02-24 15:59:38', 2, 'ElementalPage'),
(4, 'DNADesign\\Elemental\\Models\\ElementalArea', '2023-02-24 15:59:38', '2023-02-24 15:59:38', 1, 'ElementalPage');

-- --------------------------------------------------------

--
-- Table structure for table `ElementalArea_Live`
--

CREATE TABLE `ElementalArea_Live` (
  `ID` int(11) NOT NULL,
  `ClassName` enum('DNADesign\\Elemental\\Models\\ElementalArea') CHARACTER SET utf8mb4 COLLATE utf8mb4_unicode_ci DEFAULT 'DNADesign\\Elemental\\Models\\ElementalArea',
  `LastEdited` datetime DEFAULT NULL,
  `Created` datetime DEFAULT NULL,
  `Version` int(11) NOT NULL DEFAULT '0',
  `OwnerClassName` varchar(255) CHARACTER SET utf8mb4 COLLATE utf8mb4_unicode_ci DEFAULT NULL
) ENGINE=InnoDB DEFAULT CHARSET=latin1;

--
-- Dumping data for table `ElementalArea_Live`
--

INSERT INTO `ElementalArea_Live` (`ID`, `ClassName`, `LastEdited`, `Created`, `Version`, `OwnerClassName`) VALUES
(1, 'DNADesign\\Elemental\\Models\\ElementalArea', '2023-02-24 13:21:51', '2023-02-24 13:21:48', 2, 'ElementalPage'),
(2, 'DNADesign\\Elemental\\Models\\ElementalArea', '2023-02-24 13:21:51', '2023-02-24 13:21:51', 1, 'ElementalPage'),
(3, 'DNADesign\\Elemental\\Models\\ElementalArea', '2023-02-24 15:59:38', '2023-02-24 15:59:38', 2, 'ElementalPage'),
(4, 'DNADesign\\Elemental\\Models\\ElementalArea', '2023-02-24 15:59:38', '2023-02-24 15:59:38', 1, 'ElementalPage');

-- --------------------------------------------------------

--
-- Table structure for table `ElementalArea_Versions`
--

CREATE TABLE `ElementalArea_Versions` (
  `ID` int(11) NOT NULL,
  `RecordID` int(11) NOT NULL DEFAULT '0',
  `Version` int(11) NOT NULL DEFAULT '0',
  `WasPublished` tinyint(1) UNSIGNED NOT NULL DEFAULT '0',
  `WasDeleted` tinyint(1) UNSIGNED NOT NULL DEFAULT '0',
  `WasDraft` tinyint(1) UNSIGNED NOT NULL DEFAULT '1',
  `AuthorID` int(11) NOT NULL DEFAULT '0',
  `PublisherID` int(11) NOT NULL DEFAULT '0',
  `ClassName` enum('DNADesign\\Elemental\\Models\\ElementalArea') CHARACTER SET utf8mb4 COLLATE utf8mb4_unicode_ci DEFAULT 'DNADesign\\Elemental\\Models\\ElementalArea',
  `LastEdited` datetime DEFAULT NULL,
  `Created` datetime DEFAULT NULL,
  `OwnerClassName` varchar(255) CHARACTER SET utf8mb4 COLLATE utf8mb4_unicode_ci DEFAULT NULL
) ENGINE=InnoDB DEFAULT CHARSET=latin1;

--
-- Dumping data for table `ElementalArea_Versions`
--

INSERT INTO `ElementalArea_Versions` (`ID`, `RecordID`, `Version`, `WasPublished`, `WasDeleted`, `WasDraft`, `AuthorID`, `PublisherID`, `ClassName`, `LastEdited`, `Created`, `OwnerClassName`) VALUES
(1, 1, 1, 0, 0, 1, 1, 0, 'DNADesign\\Elemental\\Models\\ElementalArea', '2023-02-24 13:21:48', '2023-02-24 13:21:48', 'ElementalPage'),
(2, 2, 1, 1, 0, 1, 1, 1, 'DNADesign\\Elemental\\Models\\ElementalArea', '2023-02-24 13:21:51', '2023-02-24 13:21:51', 'ElementalPage'),
(3, 1, 2, 1, 0, 1, 1, 1, 'DNADesign\\Elemental\\Models\\ElementalArea', '2023-02-24 13:21:51', '2023-02-24 13:21:48', 'ElementalPage'),
(4, 3, 1, 0, 0, 1, 1, 0, 'DNADesign\\Elemental\\Models\\ElementalArea', '2023-02-24 15:59:38', '2023-02-24 15:59:38', 'ElementalPage'),
(5, 4, 1, 1, 0, 1, 1, 1, 'DNADesign\\Elemental\\Models\\ElementalArea', '2023-02-24 15:59:38', '2023-02-24 15:59:38', 'ElementalPage'),
(6, 3, 2, 1, 0, 1, 1, 1, 'DNADesign\\Elemental\\Models\\ElementalArea', '2023-02-24 15:59:38', '2023-02-24 15:59:38', 'ElementalPage');

-- --------------------------------------------------------

--
-- Table structure for table `ElementalPage`
--

CREATE TABLE `ElementalPage` (
  `ID` int(11) NOT NULL,
  `ElementalAreaID` int(11) NOT NULL DEFAULT '0'
) ENGINE=InnoDB DEFAULT CHARSET=latin1;

--
-- Dumping data for table `ElementalPage`
--

INSERT INTO `ElementalPage` (`ID`, `ElementalAreaID`) VALUES
(6, 1),
(3, 3);

-- --------------------------------------------------------

--
-- Table structure for table `ElementalPage_Live`
--

CREATE TABLE `ElementalPage_Live` (
  `ID` int(11) NOT NULL,
  `ElementalAreaID` int(11) NOT NULL DEFAULT '0'
) ENGINE=InnoDB DEFAULT CHARSET=latin1;

--
-- Dumping data for table `ElementalPage_Live`
--

INSERT INTO `ElementalPage_Live` (`ID`, `ElementalAreaID`) VALUES
(6, 1),
(3, 3);

-- --------------------------------------------------------

--
-- Table structure for table `ElementalPage_Versions`
--

CREATE TABLE `ElementalPage_Versions` (
  `ID` int(11) NOT NULL,
  `RecordID` int(11) NOT NULL DEFAULT '0',
  `Version` int(11) NOT NULL DEFAULT '0',
  `ElementalAreaID` int(11) NOT NULL DEFAULT '0'
) ENGINE=InnoDB DEFAULT CHARSET=latin1;

--
-- Dumping data for table `ElementalPage_Versions`
--

INSERT INTO `ElementalPage_Versions` (`ID`, `RecordID`, `Version`, `ElementalAreaID`) VALUES
(1, 6, 1, 1),
(2, 6, 2, 1),
(3, 6, 3, 1),
(4, 6, 4, 1),
(5, 6, 5, 1),
(6, 3, 7, 3),
(7, 3, 8, 3);

-- --------------------------------------------------------

--
-- Table structure for table `ElementContent`
--

CREATE TABLE `ElementContent` (
  `ID` int(11) NOT NULL,
  `HTML` mediumtext CHARACTER SET utf8mb4 COLLATE utf8mb4_unicode_ci,
  `MenuTitle` varchar(255) CHARACTER SET utf8mb4 COLLATE utf8mb4_unicode_ci DEFAULT NULL
) ENGINE=InnoDB DEFAULT CHARSET=latin1;

--
-- Dumping data for table `ElementContent`
--

INSERT INTO `ElementContent` (`ID`, `HTML`, `MenuTitle`) VALUES
(8, '<div class=\"section-description\">\n<div>A collection of curated Bitcoin resources.</div>\n</div><div class=\"resources-list\">\n<h4 class=\"resources-subheading\">Knowledge &amp; Discussion</h4>\n<div class=\"resources-item\"><a class=\"resources-item-link\" rel=\"noopener noreferrer\" href=\"https://stacker.news/\" target=\"_blank\">stacker.news</a>\n<div class=\"resources-item-description\">A Bitcoin discussion board like Hacker News, but where you can tip with Sats.</div>\n</div>\n<div class=\"resources-item\"><a class=\"resources-item-link\" rel=\"noopener noreferrer\" href=\"https://www.lopp.net/\" target=\"_blank\">Lopp.net</a>\n<div class=\"resources-item-description\">Jameson Lopp is a long time bitcoiner, and a prolific educator in the space. Lopp.net has some of the best information for new users anywhere.</div>\n</div>\n<div class=\"resources-item\"><a class=\"resources-item-link\" rel=\"noopener noreferrer\" href=\"https://bitcoiner.guide/\" target=\"_blank\">Bitcoiner.guide</a>\n<div class=\"resources-item-description\">BitcoinQ&amp;A is well known in bitcoin for his bitcoin.guide and contributing to various projects in bitcoin</div>\n</div>\n<h4 class=\"resources-subheading\">Podcasting 2.0</h4>\n<div class=\"resources-item\"><a class=\"resources-item-link\" rel=\"noopener noreferrer\" href=\"https://fountain.fm/show/yeyKUxKjAw151iZAQhcw\" target=\"_blank\">The Transformation of Value - A bitcoin Podcast by Cody Ellingham</a>\n<div class=\"resources-item-description\">An NZ-based Bitcoin Podcast.</div>\n</div>\n<div class=\"resources-item\"><a class=\"resources-item-link\" rel=\"noopener noreferrer\" href=\"https://www.swanbitcoin.com/signal/\" target=\"_blank\">Swan Signal</a>\n<div class=\"resources-item-description\">Swan is a bitcoin only exchange, and has a mission focused on self custody and education</div>\n</div>\n<div class=\"resources-item\"><a class=\"resources-item-link\" href=\"https://podcasts.apple.com/us/podcast/tftc-a-bitcoin-podcast/id1292381204\">TFTC: A Bitcoin Podcast</a>\n<div class=\"resources-item-description\">TFTC is a podcast hosted by Marty Bent about Bitcoin. Join Marty, Editor in Chief of \"the best newsletter in Bitcoin\", as he sits down to discuss Bitcoin with interesting people.</div>\n</div>\n<div class=\"resources-item\"><a class=\"resources-item-link\" rel=\"noopener noreferrer\" href=\"https://value4value.info/\" target=\"_blank\">value4value</a>\n<div class=\"resources-item-description\">value4value is a concept for how creators can monetise their content, writing, and podcasts via the Lightning Network over the likes of fountain.fm.</div>\n</div>\n<div class=\"resources-item\"><a class=\"resources-item-link\" rel=\"noopener noreferrer\" href=\"https://fountain.fm/\" target=\"_blank\">fountain.fm</a>\n<div class=\"resources-item-description\">Listen, learn, and earn for the value you bring to the platform by streaming sats over the Lightning Nework.</div>\n</div>\n<h4 class=\"resources-subheading\">Get Setup With a Wallet</h4>\n<div class=\"resources-item\"><a class=\"resources-item-link\" rel=\"noopener noreferrer\" href=\"https://www.walletofsatoshi.com/\" target=\"_blank\">Wallet of Satoshi</a>\n<div class=\"resources-item-description\">The easiest Bitcoin wallet to get up and running with, has Lightning support. iOS &amp; Android.</div>\n</div>\n<div class=\"resources-item\"><a class=\"resources-item-link\" rel=\"noopener noreferrer\" href=\"https://bluewallet.io/\" target=\"_blank\">Blue Wallet</a>\n<div class=\"resources-item-description\">A simple Bitcoin Wallet with Lightning support. iOS, Android, Desktop.</div>\n</div>\n</div>', 'Articles & Guides ');

-- --------------------------------------------------------

--
-- Table structure for table `ElementContent_Live`
--

CREATE TABLE `ElementContent_Live` (
  `ID` int(11) NOT NULL,
  `HTML` mediumtext CHARACTER SET utf8mb4 COLLATE utf8mb4_unicode_ci,
  `MenuTitle` varchar(255) CHARACTER SET utf8mb4 COLLATE utf8mb4_unicode_ci DEFAULT NULL
) ENGINE=InnoDB DEFAULT CHARSET=latin1;

--
-- Dumping data for table `ElementContent_Live`
--

INSERT INTO `ElementContent_Live` (`ID`, `HTML`, `MenuTitle`) VALUES
(8, '<div class=\"section-description\">\n<div>A collection of curated Bitcoin resources.</div>\n</div><div class=\"resources-list\">\n<h4 class=\"resources-subheading\">Knowledge &amp; Discussion</h4>\n<div class=\"resources-item\"><a class=\"resources-item-link\" rel=\"noopener noreferrer\" href=\"https://stacker.news/\" target=\"_blank\">stacker.news</a>\n<div class=\"resources-item-description\">A Bitcoin discussion board like Hacker News, but where you can tip with Sats.</div>\n</div>\n<div class=\"resources-item\"><a class=\"resources-item-link\" rel=\"noopener noreferrer\" href=\"https://www.lopp.net/\" target=\"_blank\">Lopp.net</a>\n<div class=\"resources-item-description\">Jameson Lopp is a long time bitcoiner, and a prolific educator in the space. Lopp.net has some of the best information for new users anywhere.</div>\n</div>\n<div class=\"resources-item\"><a class=\"resources-item-link\" rel=\"noopener noreferrer\" href=\"https://bitcoiner.guide/\" target=\"_blank\">Bitcoiner.guide</a>\n<div class=\"resources-item-description\">BitcoinQ&amp;A is well known in bitcoin for his bitcoin.guide and contributing to various projects in bitcoin</div>\n</div>\n<h4 class=\"resources-subheading\">Podcasting 2.0</h4>\n<div class=\"resources-item\"><a class=\"resources-item-link\" rel=\"noopener noreferrer\" href=\"https://fountain.fm/show/yeyKUxKjAw151iZAQhcw\" target=\"_blank\">The Transformation of Value - A bitcoin Podcast by Cody Ellingham</a>\n<div class=\"resources-item-description\">An NZ-based Bitcoin Podcast.</div>\n</div>\n<div class=\"resources-item\"><a class=\"resources-item-link\" rel=\"noopener noreferrer\" href=\"https://www.swanbitcoin.com/signal/\" target=\"_blank\">Swan Signal</a>\n<div class=\"resources-item-description\">Swan is a bitcoin only exchange, and has a mission focused on self custody and education</div>\n</div>\n<div class=\"resources-item\"><a class=\"resources-item-link\" href=\"https://podcasts.apple.com/us/podcast/tftc-a-bitcoin-podcast/id1292381204\">TFTC: A Bitcoin Podcast</a>\n<div class=\"resources-item-description\">TFTC is a podcast hosted by Marty Bent about Bitcoin. Join Marty, Editor in Chief of \"the best newsletter in Bitcoin\", as he sits down to discuss Bitcoin with interesting people.</div>\n</div>\n<div class=\"resources-item\"><a class=\"resources-item-link\" rel=\"noopener noreferrer\" href=\"https://value4value.info/\" target=\"_blank\">value4value</a>\n<div class=\"resources-item-description\">value4value is a concept for how creators can monetise their content, writing, and podcasts via the Lightning Network over the likes of fountain.fm.</div>\n</div>\n<div class=\"resources-item\"><a class=\"resources-item-link\" rel=\"noopener noreferrer\" href=\"https://fountain.fm/\" target=\"_blank\">fountain.fm</a>\n<div class=\"resources-item-description\">Listen, learn, and earn for the value you bring to the platform by streaming sats over the Lightning Nework.</div>\n</div>\n<h4 class=\"resources-subheading\">Get Setup With a Wallet</h4>\n<div class=\"resources-item\"><a class=\"resources-item-link\" rel=\"noopener noreferrer\" href=\"https://www.walletofsatoshi.com/\" target=\"_blank\">Wallet of Satoshi</a>\n<div class=\"resources-item-description\">The easiest Bitcoin wallet to get up and running with, has Lightning support. iOS &amp; Android.</div>\n</div>\n<div class=\"resources-item\"><a class=\"resources-item-link\" rel=\"noopener noreferrer\" href=\"https://bluewallet.io/\" target=\"_blank\">Blue Wallet</a>\n<div class=\"resources-item-description\">A simple Bitcoin Wallet with Lightning support. iOS, Android, Desktop.</div>\n</div>\n</div>', 'Articles & Guides ');

-- --------------------------------------------------------

--
-- Table structure for table `ElementContent_Versions`
--

CREATE TABLE `ElementContent_Versions` (
  `ID` int(11) NOT NULL,
  `RecordID` int(11) NOT NULL DEFAULT '0',
  `Version` int(11) NOT NULL DEFAULT '0',
  `HTML` mediumtext CHARACTER SET utf8mb4 COLLATE utf8mb4_unicode_ci,
  `MenuTitle` varchar(255) CHARACTER SET utf8mb4 COLLATE utf8mb4_unicode_ci DEFAULT NULL
) ENGINE=InnoDB DEFAULT CHARSET=latin1;

--
-- Dumping data for table `ElementContent_Versions`
--

INSERT INTO `ElementContent_Versions` (`ID`, `RecordID`, `Version`, `HTML`, `MenuTitle`) VALUES
(1, 1, 1, NULL, NULL),
(2, 1, 2, NULL, NULL),
(3, 1, 3, '<p>TEst</p>', NULL),
(4, 1, 4, '<p>TEst</p>', NULL),
(5, 1, 5, '<p>TEst COntent</p>', NULL),
(6, 1, 6, '<p>TEst COntent</p>', NULL),
(7, 8, 1, NULL, NULL),
(8, 8, 2, '<div class=\"section-description\">\n<div>A collection of curated Bitcoin resources.</div>\n</div><div class=\"resources-list\">\n<h4 class=\"resources-subheading\">Knowledge &amp; Discussion</h4>\n<div class=\"resources-item\"><a class=\"resources-item-link\" rel=\"noopener noreferrer\" href=\"https://stacker.news/\" target=\"_blank\">stacker.news</a>\n<div class=\"resources-item-description\">A Bitcoin discussion board like Hacker News, but where you can tip with Sats.</div>\n</div>\n<div class=\"resources-item\"><a class=\"resources-item-link\" rel=\"noopener noreferrer\" href=\"https://www.lopp.net/\" target=\"_blank\">Lopp.net</a>\n<div class=\"resources-item-description\">Jameson Lopp is a long time bitcoiner, and a prolific educator in the space. Lopp.net has some of the best information for new users anywhere.</div>\n</div>\n<div class=\"resources-item\"><a class=\"resources-item-link\" rel=\"noopener noreferrer\" href=\"https://bitcoiner.guide/\" target=\"_blank\">Bitcoiner.guide</a>\n<div class=\"resources-item-description\">BitcoinQ&amp;A is well known in bitcoin for his bitcoin.guide and contributing to various projects in bitcoin</div>\n</div>\n<h4 class=\"resources-subheading\">Podcasting 2.0</h4>\n<div class=\"resources-item\"><a class=\"resources-item-link\" rel=\"noopener noreferrer\" href=\"https://fountain.fm/show/yeyKUxKjAw151iZAQhcw\" target=\"_blank\">The Transformation of Value - A bitcoin Podcast by Cody Ellingham</a>\n<div class=\"resources-item-description\">An NZ-based Bitcoin Podcast.</div>\n</div>\n<div class=\"resources-item\"><a class=\"resources-item-link\" rel=\"noopener noreferrer\" href=\"https://www.swanbitcoin.com/signal/\" target=\"_blank\">Swan Signal</a>\n<div class=\"resources-item-description\">Swan is a bitcoin only exchange, and has a mission focused on self custody and education</div>\n</div>\n<div class=\"resources-item\"><a class=\"resources-item-link\" href=\"https://podcasts.apple.com/us/podcast/tftc-a-bitcoin-podcast/id1292381204\">TFTC: A Bitcoin Podcast</a>\n<div class=\"resources-item-description\">TFTC is a podcast hosted by Marty Bent about Bitcoin. Join Marty, Editor in Chief of \"the best newsletter in Bitcoin\", as he sits down to discuss Bitcoin with interesting people.</div>\n</div>\n<div class=\"resources-item\"><a class=\"resources-item-link\" rel=\"noopener noreferrer\" href=\"https://value4value.info/\" target=\"_blank\">value4value</a>\n<div class=\"resources-item-description\">value4value is a concept for how creators can monetise their content, writing, and podcasts via the Lightning Network over the likes of fountain.fm.</div>\n</div>\n<div class=\"resources-item\"><a class=\"resources-item-link\" rel=\"noopener noreferrer\" href=\"https://fountain.fm/\" target=\"_blank\">fountain.fm</a>\n<div class=\"resources-item-description\">Listen, learn, and earn for the value you bring to the platform by streaming sats over the Lightning Nework.</div>\n</div>\n<h4 class=\"resources-subheading\">Get Setup With a Wallet</h4>\n<div class=\"resources-item\"><a class=\"resources-item-link\" rel=\"noopener noreferrer\" href=\"https://www.walletofsatoshi.com/\" target=\"_blank\">Wallet of Satoshi</a>\n<div class=\"resources-item-description\">The easiest Bitcoin wallet to get up and running with, has Lightning support. iOS &amp; Android.</div>\n</div>\n<div class=\"resources-item\"><a class=\"resources-item-link\" rel=\"noopener noreferrer\" href=\"https://bluewallet.io/\" target=\"_blank\">Blue Wallet</a>\n<div class=\"resources-item-description\">A simple Bitcoin Wallet with Lightning support. iOS, Android, Desktop.</div>\n</div>\n</div>', NULL),
(9, 8, 3, '<div class=\"section-description\">\n<div>A collection of curated Bitcoin resources.</div>\n</div><div class=\"resources-list\">\n<h4 class=\"resources-subheading\">Knowledge &amp; Discussion</h4>\n<div class=\"resources-item\"><a class=\"resources-item-link\" rel=\"noopener noreferrer\" href=\"https://stacker.news/\" target=\"_blank\">stacker.news</a>\n<div class=\"resources-item-description\">A Bitcoin discussion board like Hacker News, but where you can tip with Sats.</div>\n</div>\n<div class=\"resources-item\"><a class=\"resources-item-link\" rel=\"noopener noreferrer\" href=\"https://www.lopp.net/\" target=\"_blank\">Lopp.net</a>\n<div class=\"resources-item-description\">Jameson Lopp is a long time bitcoiner, and a prolific educator in the space. Lopp.net has some of the best information for new users anywhere.</div>\n</div>\n<div class=\"resources-item\"><a class=\"resources-item-link\" rel=\"noopener noreferrer\" href=\"https://bitcoiner.guide/\" target=\"_blank\">Bitcoiner.guide</a>\n<div class=\"resources-item-description\">BitcoinQ&amp;A is well known in bitcoin for his bitcoin.guide and contributing to various projects in bitcoin</div>\n</div>\n<h4 class=\"resources-subheading\">Podcasting 2.0</h4>\n<div class=\"resources-item\"><a class=\"resources-item-link\" rel=\"noopener noreferrer\" href=\"https://fountain.fm/show/yeyKUxKjAw151iZAQhcw\" target=\"_blank\">The Transformation of Value - A bitcoin Podcast by Cody Ellingham</a>\n<div class=\"resources-item-description\">An NZ-based Bitcoin Podcast.</div>\n</div>\n<div class=\"resources-item\"><a class=\"resources-item-link\" rel=\"noopener noreferrer\" href=\"https://www.swanbitcoin.com/signal/\" target=\"_blank\">Swan Signal</a>\n<div class=\"resources-item-description\">Swan is a bitcoin only exchange, and has a mission focused on self custody and education</div>\n</div>\n<div class=\"resources-item\"><a class=\"resources-item-link\" href=\"https://podcasts.apple.com/us/podcast/tftc-a-bitcoin-podcast/id1292381204\">TFTC: A Bitcoin Podcast</a>\n<div class=\"resources-item-description\">TFTC is a podcast hosted by Marty Bent about Bitcoin. Join Marty, Editor in Chief of \"the best newsletter in Bitcoin\", as he sits down to discuss Bitcoin with interesting people.</div>\n</div>\n<div class=\"resources-item\"><a class=\"resources-item-link\" rel=\"noopener noreferrer\" href=\"https://value4value.info/\" target=\"_blank\">value4value</a>\n<div class=\"resources-item-description\">value4value is a concept for how creators can monetise their content, writing, and podcasts via the Lightning Network over the likes of fountain.fm.</div>\n</div>\n<div class=\"resources-item\"><a class=\"resources-item-link\" rel=\"noopener noreferrer\" href=\"https://fountain.fm/\" target=\"_blank\">fountain.fm</a>\n<div class=\"resources-item-description\">Listen, learn, and earn for the value you bring to the platform by streaming sats over the Lightning Nework.</div>\n</div>\n<h4 class=\"resources-subheading\">Get Setup With a Wallet</h4>\n<div class=\"resources-item\"><a class=\"resources-item-link\" rel=\"noopener noreferrer\" href=\"https://www.walletofsatoshi.com/\" target=\"_blank\">Wallet of Satoshi</a>\n<div class=\"resources-item-description\">The easiest Bitcoin wallet to get up and running with, has Lightning support. iOS &amp; Android.</div>\n</div>\n<div class=\"resources-item\"><a class=\"resources-item-link\" rel=\"noopener noreferrer\" href=\"https://bluewallet.io/\" target=\"_blank\">Blue Wallet</a>\n<div class=\"resources-item-description\">A simple Bitcoin Wallet with Lightning support. iOS, Android, Desktop.</div>\n</div>\n</div>', NULL),
(10, 8, 4, '<div class=\"section-description\">\n<div>A collection of curated Bitcoin resources.</div>\n</div><div class=\"resources-list\">\n<h4 class=\"resources-subheading\">Knowledge &amp; Discussion</h4>\n<div class=\"resources-item\"><a class=\"resources-item-link\" rel=\"noopener noreferrer\" href=\"https://stacker.news/\" target=\"_blank\">stacker.news</a>\n<div class=\"resources-item-description\">A Bitcoin discussion board like Hacker News, but where you can tip with Sats.</div>\n</div>\n<div class=\"resources-item\"><a class=\"resources-item-link\" rel=\"noopener noreferrer\" href=\"https://www.lopp.net/\" target=\"_blank\">Lopp.net</a>\n<div class=\"resources-item-description\">Jameson Lopp is a long time bitcoiner, and a prolific educator in the space. Lopp.net has some of the best information for new users anywhere.</div>\n</div>\n<div class=\"resources-item\"><a class=\"resources-item-link\" rel=\"noopener noreferrer\" href=\"https://bitcoiner.guide/\" target=\"_blank\">Bitcoiner.guide</a>\n<div class=\"resources-item-description\">BitcoinQ&amp;A is well known in bitcoin for his bitcoin.guide and contributing to various projects in bitcoin</div>\n</div>\n<h4 class=\"resources-subheading\">Podcasting 2.0</h4>\n<div class=\"resources-item\"><a class=\"resources-item-link\" rel=\"noopener noreferrer\" href=\"https://fountain.fm/show/yeyKUxKjAw151iZAQhcw\" target=\"_blank\">The Transformation of Value - A bitcoin Podcast by Cody Ellingham</a>\n<div class=\"resources-item-description\">An NZ-based Bitcoin Podcast.</div>\n</div>\n<div class=\"resources-item\"><a class=\"resources-item-link\" rel=\"noopener noreferrer\" href=\"https://www.swanbitcoin.com/signal/\" target=\"_blank\">Swan Signal</a>\n<div class=\"resources-item-description\">Swan is a bitcoin only exchange, and has a mission focused on self custody and education</div>\n</div>\n<div class=\"resources-item\"><a class=\"resources-item-link\" href=\"https://podcasts.apple.com/us/podcast/tftc-a-bitcoin-podcast/id1292381204\">TFTC: A Bitcoin Podcast</a>\n<div class=\"resources-item-description\">TFTC is a podcast hosted by Marty Bent about Bitcoin. Join Marty, Editor in Chief of \"the best newsletter in Bitcoin\", as he sits down to discuss Bitcoin with interesting people.</div>\n</div>\n<div class=\"resources-item\"><a class=\"resources-item-link\" rel=\"noopener noreferrer\" href=\"https://value4value.info/\" target=\"_blank\">value4value</a>\n<div class=\"resources-item-description\">value4value is a concept for how creators can monetise their content, writing, and podcasts via the Lightning Network over the likes of fountain.fm.</div>\n</div>\n<div class=\"resources-item\"><a class=\"resources-item-link\" rel=\"noopener noreferrer\" href=\"https://fountain.fm/\" target=\"_blank\">fountain.fm</a>\n<div class=\"resources-item-description\">Listen, learn, and earn for the value you bring to the platform by streaming sats over the Lightning Nework.</div>\n</div>\n<h4 class=\"resources-subheading\">Get Setup With a Wallet</h4>\n<div class=\"resources-item\"><a class=\"resources-item-link\" rel=\"noopener noreferrer\" href=\"https://www.walletofsatoshi.com/\" target=\"_blank\">Wallet of Satoshi</a>\n<div class=\"resources-item-description\">The easiest Bitcoin wallet to get up and running with, has Lightning support. iOS &amp; Android.</div>\n</div>\n<div class=\"resources-item\"><a class=\"resources-item-link\" rel=\"noopener noreferrer\" href=\"https://bluewallet.io/\" target=\"_blank\">Blue Wallet</a>\n<div class=\"resources-item-description\">A simple Bitcoin Wallet with Lightning support. iOS, Android, Desktop.</div>\n</div>\n</div>', 'Articles & Guides '),
(11, 8, 5, '<div class=\"section-description\">\n<div>A collection of curated Bitcoin resources.</div>\n</div><div class=\"resources-list\">\n<h4 class=\"resources-subheading\">Knowledge &amp; Discussion</h4>\n<div class=\"resources-item\"><a class=\"resources-item-link\" rel=\"noopener noreferrer\" href=\"https://stacker.news/\" target=\"_blank\">stacker.news</a>\n<div class=\"resources-item-description\">A Bitcoin discussion board like Hacker News, but where you can tip with Sats.</div>\n</div>\n<div class=\"resources-item\"><a class=\"resources-item-link\" rel=\"noopener noreferrer\" href=\"https://www.lopp.net/\" target=\"_blank\">Lopp.net</a>\n<div class=\"resources-item-description\">Jameson Lopp is a long time bitcoiner, and a prolific educator in the space. Lopp.net has some of the best information for new users anywhere.</div>\n</div>\n<div class=\"resources-item\"><a class=\"resources-item-link\" rel=\"noopener noreferrer\" href=\"https://bitcoiner.guide/\" target=\"_blank\">Bitcoiner.guide</a>\n<div class=\"resources-item-description\">BitcoinQ&amp;A is well known in bitcoin for his bitcoin.guide and contributing to various projects in bitcoin</div>\n</div>\n<h4 class=\"resources-subheading\">Podcasting 2.0</h4>\n<div class=\"resources-item\"><a class=\"resources-item-link\" rel=\"noopener noreferrer\" href=\"https://fountain.fm/show/yeyKUxKjAw151iZAQhcw\" target=\"_blank\">The Transformation of Value - A bitcoin Podcast by Cody Ellingham</a>\n<div class=\"resources-item-description\">An NZ-based Bitcoin Podcast.</div>\n</div>\n<div class=\"resources-item\"><a class=\"resources-item-link\" rel=\"noopener noreferrer\" href=\"https://www.swanbitcoin.com/signal/\" target=\"_blank\">Swan Signal</a>\n<div class=\"resources-item-description\">Swan is a bitcoin only exchange, and has a mission focused on self custody and education</div>\n</div>\n<div class=\"resources-item\"><a class=\"resources-item-link\" href=\"https://podcasts.apple.com/us/podcast/tftc-a-bitcoin-podcast/id1292381204\">TFTC: A Bitcoin Podcast</a>\n<div class=\"resources-item-description\">TFTC is a podcast hosted by Marty Bent about Bitcoin. Join Marty, Editor in Chief of \"the best newsletter in Bitcoin\", as he sits down to discuss Bitcoin with interesting people.</div>\n</div>\n<div class=\"resources-item\"><a class=\"resources-item-link\" rel=\"noopener noreferrer\" href=\"https://value4value.info/\" target=\"_blank\">value4value</a>\n<div class=\"resources-item-description\">value4value is a concept for how creators can monetise their content, writing, and podcasts via the Lightning Network over the likes of fountain.fm.</div>\n</div>\n<div class=\"resources-item\"><a class=\"resources-item-link\" rel=\"noopener noreferrer\" href=\"https://fountain.fm/\" target=\"_blank\">fountain.fm</a>\n<div class=\"resources-item-description\">Listen, learn, and earn for the value you bring to the platform by streaming sats over the Lightning Nework.</div>\n</div>\n<h4 class=\"resources-subheading\">Get Setup With a Wallet</h4>\n<div class=\"resources-item\"><a class=\"resources-item-link\" rel=\"noopener noreferrer\" href=\"https://www.walletofsatoshi.com/\" target=\"_blank\">Wallet of Satoshi</a>\n<div class=\"resources-item-description\">The easiest Bitcoin wallet to get up and running with, has Lightning support. iOS &amp; Android.</div>\n</div>\n<div class=\"resources-item\"><a class=\"resources-item-link\" rel=\"noopener noreferrer\" href=\"https://bluewallet.io/\" target=\"_blank\">Blue Wallet</a>\n<div class=\"resources-item-description\">A simple Bitcoin Wallet with Lightning support. iOS, Android, Desktop.</div>\n</div>\n</div>', 'Articles & Guides '),
(12, 8, 6, '<div class=\"section-description\">\n<div>A collection of curated Bitcoin resources.</div>\n</div><div class=\"resources-list\">\n<h4 class=\"resources-subheading\">Knowledge &amp; Discussion</h4>\n<div class=\"resources-item\"><a class=\"resources-item-link\" rel=\"noopener noreferrer\" href=\"https://stacker.news/\" target=\"_blank\">stacker.news</a>\n<div class=\"resources-item-description\">A Bitcoin discussion board like Hacker News, but where you can tip with Sats.</div>\n</div>\n<div class=\"resources-item\"><a class=\"resources-item-link\" rel=\"noopener noreferrer\" href=\"https://www.lopp.net/\" target=\"_blank\">Lopp.net</a>\n<div class=\"resources-item-description\">Jameson Lopp is a long time bitcoiner, and a prolific educator in the space. Lopp.net has some of the best information for new users anywhere.</div>\n</div>\n<div class=\"resources-item\"><a class=\"resources-item-link\" rel=\"noopener noreferrer\" href=\"https://bitcoiner.guide/\" target=\"_blank\">Bitcoiner.guide</a>\n<div class=\"resources-item-description\">BitcoinQ&amp;A is well known in bitcoin for his bitcoin.guide and contributing to various projects in bitcoin</div>\n</div>\n<h4 class=\"resources-subheading\">Podcasting 2.0</h4>\n<div class=\"resources-item\"><a class=\"resources-item-link\" rel=\"noopener noreferrer\" href=\"https://fountain.fm/show/yeyKUxKjAw151iZAQhcw\" target=\"_blank\">The Transformation of Value - A bitcoin Podcast by Cody Ellingham</a>\n<div class=\"resources-item-description\">An NZ-based Bitcoin Podcast.</div>\n</div>\n<div class=\"resources-item\"><a class=\"resources-item-link\" rel=\"noopener noreferrer\" href=\"https://www.swanbitcoin.com/signal/\" target=\"_blank\">Swan Signal</a>\n<div class=\"resources-item-description\">Swan is a bitcoin only exchange, and has a mission focused on self custody and education</div>\n</div>\n<div class=\"resources-item\"><a class=\"resources-item-link\" href=\"https://podcasts.apple.com/us/podcast/tftc-a-bitcoin-podcast/id1292381204\">TFTC: A Bitcoin Podcast</a>\n<div class=\"resources-item-description\">TFTC is a podcast hosted by Marty Bent about Bitcoin. Join Marty, Editor in Chief of \"the best newsletter in Bitcoin\", as he sits down to discuss Bitcoin with interesting people.</div>\n</div>\n<div class=\"resources-item\"><a class=\"resources-item-link\" rel=\"noopener noreferrer\" href=\"https://value4value.info/\" target=\"_blank\">value4value</a>\n<div class=\"resources-item-description\">value4value is a concept for how creators can monetise their content, writing, and podcasts via the Lightning Network over the likes of fountain.fm.</div>\n</div>\n<div class=\"resources-item\"><a class=\"resources-item-link\" rel=\"noopener noreferrer\" href=\"https://fountain.fm/\" target=\"_blank\">fountain.fm</a>\n<div class=\"resources-item-description\">Listen, learn, and earn for the value you bring to the platform by streaming sats over the Lightning Nework.</div>\n</div>\n<h4 class=\"resources-subheading\">Get Setup With a Wallet</h4>\n<div class=\"resources-item\"><a class=\"resources-item-link\" rel=\"noopener noreferrer\" href=\"https://www.walletofsatoshi.com/\" target=\"_blank\">Wallet of Satoshi</a>\n<div class=\"resources-item-description\">The easiest Bitcoin wallet to get up and running with, has Lightning support. iOS &amp; Android.</div>\n</div>\n<div class=\"resources-item\"><a class=\"resources-item-link\" rel=\"noopener noreferrer\" href=\"https://bluewallet.io/\" target=\"_blank\">Blue Wallet</a>\n<div class=\"resources-item-description\">A simple Bitcoin Wallet with Lightning support. iOS, Android, Desktop.</div>\n</div>\n</div>', NULL),
(13, 8, 7, '<div class=\"section-description\">\n<div>A collection of curated Bitcoin resources.</div>\n</div><div class=\"resources-list\">\n<h4 class=\"resources-subheading\">Knowledge &amp; Discussion</h4>\n<div class=\"resources-item\"><a class=\"resources-item-link\" rel=\"noopener noreferrer\" href=\"https://stacker.news/\" target=\"_blank\">stacker.news</a>\n<div class=\"resources-item-description\">A Bitcoin discussion board like Hacker News, but where you can tip with Sats.</div>\n</div>\n<div class=\"resources-item\"><a class=\"resources-item-link\" rel=\"noopener noreferrer\" href=\"https://www.lopp.net/\" target=\"_blank\">Lopp.net</a>\n<div class=\"resources-item-description\">Jameson Lopp is a long time bitcoiner, and a prolific educator in the space. Lopp.net has some of the best information for new users anywhere.</div>\n</div>\n<div class=\"resources-item\"><a class=\"resources-item-link\" rel=\"noopener noreferrer\" href=\"https://bitcoiner.guide/\" target=\"_blank\">Bitcoiner.guide</a>\n<div class=\"resources-item-description\">BitcoinQ&amp;A is well known in bitcoin for his bitcoin.guide and contributing to various projects in bitcoin</div>\n</div>\n<h4 class=\"resources-subheading\">Podcasting 2.0</h4>\n<div class=\"resources-item\"><a class=\"resources-item-link\" rel=\"noopener noreferrer\" href=\"https://fountain.fm/show/yeyKUxKjAw151iZAQhcw\" target=\"_blank\">The Transformation of Value - A bitcoin Podcast by Cody Ellingham</a>\n<div class=\"resources-item-description\">An NZ-based Bitcoin Podcast.</div>\n</div>\n<div class=\"resources-item\"><a class=\"resources-item-link\" rel=\"noopener noreferrer\" href=\"https://www.swanbitcoin.com/signal/\" target=\"_blank\">Swan Signal</a>\n<div class=\"resources-item-description\">Swan is a bitcoin only exchange, and has a mission focused on self custody and education</div>\n</div>\n<div class=\"resources-item\"><a class=\"resources-item-link\" href=\"https://podcasts.apple.com/us/podcast/tftc-a-bitcoin-podcast/id1292381204\">TFTC: A Bitcoin Podcast</a>\n<div class=\"resources-item-description\">TFTC is a podcast hosted by Marty Bent about Bitcoin. Join Marty, Editor in Chief of \"the best newsletter in Bitcoin\", as he sits down to discuss Bitcoin with interesting people.</div>\n</div>\n<div class=\"resources-item\"><a class=\"resources-item-link\" rel=\"noopener noreferrer\" href=\"https://value4value.info/\" target=\"_blank\">value4value</a>\n<div class=\"resources-item-description\">value4value is a concept for how creators can monetise their content, writing, and podcasts via the Lightning Network over the likes of fountain.fm.</div>\n</div>\n<div class=\"resources-item\"><a class=\"resources-item-link\" rel=\"noopener noreferrer\" href=\"https://fountain.fm/\" target=\"_blank\">fountain.fm</a>\n<div class=\"resources-item-description\">Listen, learn, and earn for the value you bring to the platform by streaming sats over the Lightning Nework.</div>\n</div>\n<h4 class=\"resources-subheading\">Get Setup With a Wallet</h4>\n<div class=\"resources-item\"><a class=\"resources-item-link\" rel=\"noopener noreferrer\" href=\"https://www.walletofsatoshi.com/\" target=\"_blank\">Wallet of Satoshi</a>\n<div class=\"resources-item-description\">The easiest Bitcoin wallet to get up and running with, has Lightning support. iOS &amp; Android.</div>\n</div>\n<div class=\"resources-item\"><a class=\"resources-item-link\" rel=\"noopener noreferrer\" href=\"https://bluewallet.io/\" target=\"_blank\">Blue Wallet</a>\n<div class=\"resources-item-description\">A simple Bitcoin Wallet with Lightning support. iOS, Android, Desktop.</div>\n</div>\n</div>', NULL),
(14, 9, 1, NULL, NULL),
(15, 9, 2, '<p>&lt;div class=\"contact-rich-text w-richtext\"&gt;<br> &lt;p&gt;&lt;strong&gt;NZ Bitcoiners is about connecting Kiwis to Bitcoin. &lt;/strong&gt;&lt;br&gt;&lt;br&gt;Please get in touch if you have a question or would like to know more and we will try and help you directly, or put you in touch with the right people or organisation.&lt;br&gt;&lt;/p&gt;<br> &lt;h3&gt;For general info or media enquiries&lt;/h3&gt;<br> &lt;p&gt;<br> &lt;a href=\"mailto:hello@nzbitcoiners.org\"&gt;hello@nzbitcoiners.org&lt;/a&gt;<br> &lt;/p&gt;<br> &lt;h3&gt;Come to an event&lt;/h3&gt;<br> &lt;p&gt;There are regular Bitcoin events organised by different groups in New Zealand.&lt;/p&gt;<br> &lt;p&gt;<br> &lt;a href=\"/#events\"&gt;See event list&lt;/a&gt;<br> &lt;/p&gt;<br> &lt;/div&gt;</p>', NULL),
(16, 9, 3, '<p>&lt;div class=\"contact-rich-text w-richtext\"&gt;<br> &lt;p&gt;&lt;strong&gt;NZ Bitcoiners is about connecting Kiwis to Bitcoin. &lt;/strong&gt;&lt;br&gt;&lt;br&gt;Please get in touch if you have a question or would like to know more and we will try and help you directly, or put you in touch with the right people or organisation.&lt;br&gt;&lt;/p&gt;<br> &lt;h3&gt;For general info or media enquiries&lt;/h3&gt;<br> &lt;p&gt;<br> &lt;a href=\"mailto:hello@nzbitcoiners.org\"&gt;hello@nzbitcoiners.org&lt;/a&gt;<br> &lt;/p&gt;<br> &lt;h3&gt;Come to an event&lt;/h3&gt;<br> &lt;p&gt;There are regular Bitcoin events organised by different groups in New Zealand.&lt;/p&gt;<br> &lt;p&gt;<br> &lt;a href=\"/#events\"&gt;See event list&lt;/a&gt;<br> &lt;/p&gt;<br> &lt;/div&gt;</p>', NULL),
(17, 9, 4, '<div class=\"contact-rich-text w-richtext\">\n<p><strong>NZ Bitcoiners is about connecting Kiwis to Bitcoin. </strong><br><br>Please get in touch if you have a question or would like to know more and we will try and help you directly, or put you in touch with the right people or organisation.<br></p>\n<h3>For general info or media enquiries</h3>\n<p><a href=\"mailto:hello@nzbitcoiners.org\">hello@nzbitcoiners.org</a></p>\n<h3>Come to an event</h3>\n<p>There are regular Bitcoin events organised by different groups in New Zealand.</p>\n<p><a href=\"/#events\" class=\"ss-broken\">See event list</a></p>\n</div>', NULL),
(18, 9, 5, '<div class=\"contact-rich-text w-richtext\">\n<p><strong>NZ Bitcoiners is about connecting Kiwis to Bitcoin. </strong><br><br>Please get in touch if you have a question or would like to know more and we will try and help you directly, or put you in touch with the right people or organisation.<br></p>\n<h3>For general info or media enquiries</h3>\n<p><a href=\"mailto:hello@nzbitcoiners.org\">hello@nzbitcoiners.org</a></p>\n<h3>Come to an event</h3>\n<p>There are regular Bitcoin events organised by different groups in New Zealand.</p>\n<p><a href=\"/#events\" class=\"ss-broken\">See event list</a></p>\n</div>', NULL);

-- --------------------------------------------------------

--
-- Table structure for table `Element_Live`
--

CREATE TABLE `Element_Live` (
  `ID` int(11) NOT NULL,
  `ClassName` enum('DNADesign\\Elemental\\Models\\BaseElement','ContactBarElement','EventsElement','HeroBannerElement','ProjectsListElement','TextLeftImageRightElement','DNADesign\\Elemental\\Models\\ElementContent') CHARACTER SET utf8mb4 COLLATE utf8mb4_unicode_ci DEFAULT 'DNADesign\\Elemental\\Models\\BaseElement',
  `LastEdited` datetime DEFAULT NULL,
  `Created` datetime DEFAULT NULL,
  `Version` int(11) NOT NULL DEFAULT '0',
  `Title` varchar(255) CHARACTER SET utf8mb4 COLLATE utf8mb4_unicode_ci DEFAULT NULL,
  `ShowTitle` tinyint(1) UNSIGNED NOT NULL DEFAULT '0',
  `Sort` int(11) NOT NULL DEFAULT '0',
  `ExtraClass` varchar(255) CHARACTER SET utf8mb4 COLLATE utf8mb4_unicode_ci DEFAULT NULL,
  `Style` varchar(255) CHARACTER SET utf8mb4 COLLATE utf8mb4_unicode_ci DEFAULT NULL,
  `ParentID` int(11) NOT NULL DEFAULT '0',
  `MenuTitle` varchar(255) CHARACTER SET utf8mb4 COLLATE utf8mb4_unicode_ci DEFAULT NULL
) ENGINE=InnoDB DEFAULT CHARSET=latin1;

--
-- Dumping data for table `Element_Live`
--

INSERT INTO `Element_Live` (`ID`, `ClassName`, `LastEdited`, `Created`, `Version`, `Title`, `ShowTitle`, `Sort`, `ExtraClass`, `Style`, `ParentID`, `MenuTitle`) VALUES
(2, 'HeroBannerElement', '2023-02-24 15:46:31', '2023-02-24 13:38:31', 17, 'Hero Banner', 0, 1, NULL, NULL, 1, 'Home'),
(3, 'EventsElement', '2023-02-24 15:46:31', '2023-02-24 13:47:45', 11, 'Events in NZ', 0, 2, NULL, NULL, 1, 'Events in NZ'),
(4, 'TextLeftImageRightElement', '2023-02-24 15:47:20', '2023-02-24 14:07:52', 12, 'Why is Bitcoin Important for NZ?', 0, 3, NULL, NULL, 1, 'Learn about Bitcoin'),
(5, 'ContactBarElement', '2023-02-24 15:34:12', '2023-02-24 14:13:58', 13, 'Contact Bar', 0, 4, NULL, NULL, 1, NULL),
(6, 'TextLeftImageRightElement', '2023-02-24 15:47:20', '2023-02-24 14:19:05', 9, 'FAQ', 1, 5, NULL, NULL, 1, 'FAQ'),
(7, 'ProjectsListElement', '2023-02-24 15:47:20', '2023-02-24 14:28:16', 7, 'Made in New Zealand', 1, 6, NULL, NULL, 1, 'Made in NZ'),
(8, 'DNADesign\\Elemental\\Models\\ElementContent', '2023-02-24 15:47:20', '2023-02-24 14:30:27', 7, 'Resources', 1, 7, NULL, NULL, 1, 'Articles & Guides'),
(11, 'TextLeftImageRightElement', '2023-02-24 16:01:01', '2023-02-24 16:00:25', 3, 'Contact', 0, 1, NULL, NULL, 3, 'Contact');

-- --------------------------------------------------------

--
-- Table structure for table `Element_Versions`
--

CREATE TABLE `Element_Versions` (
  `ID` int(11) NOT NULL,
  `RecordID` int(11) NOT NULL DEFAULT '0',
  `Version` int(11) NOT NULL DEFAULT '0',
  `WasPublished` tinyint(1) UNSIGNED NOT NULL DEFAULT '0',
  `WasDeleted` tinyint(1) UNSIGNED NOT NULL DEFAULT '0',
  `WasDraft` tinyint(1) UNSIGNED NOT NULL DEFAULT '1',
  `AuthorID` int(11) NOT NULL DEFAULT '0',
  `PublisherID` int(11) NOT NULL DEFAULT '0',
  `ClassName` enum('DNADesign\\Elemental\\Models\\BaseElement','ContactBarElement','EventsElement','HeroBannerElement','ProjectsListElement','TextLeftImageRightElement','DNADesign\\Elemental\\Models\\ElementContent') CHARACTER SET utf8mb4 COLLATE utf8mb4_unicode_ci DEFAULT 'DNADesign\\Elemental\\Models\\BaseElement',
  `LastEdited` datetime DEFAULT NULL,
  `Created` datetime DEFAULT NULL,
  `Title` varchar(255) CHARACTER SET utf8mb4 COLLATE utf8mb4_unicode_ci DEFAULT NULL,
  `ShowTitle` tinyint(1) UNSIGNED NOT NULL DEFAULT '0',
  `Sort` int(11) NOT NULL DEFAULT '0',
  `ExtraClass` varchar(255) CHARACTER SET utf8mb4 COLLATE utf8mb4_unicode_ci DEFAULT NULL,
  `Style` varchar(255) CHARACTER SET utf8mb4 COLLATE utf8mb4_unicode_ci DEFAULT NULL,
  `ParentID` int(11) NOT NULL DEFAULT '0',
  `MenuTitle` varchar(255) CHARACTER SET utf8mb4 COLLATE utf8mb4_unicode_ci DEFAULT NULL
) ENGINE=InnoDB DEFAULT CHARSET=latin1;

--
-- Dumping data for table `Element_Versions`
--

INSERT INTO `Element_Versions` (`ID`, `RecordID`, `Version`, `WasPublished`, `WasDeleted`, `WasDraft`, `AuthorID`, `PublisherID`, `ClassName`, `LastEdited`, `Created`, `Title`, `ShowTitle`, `Sort`, `ExtraClass`, `Style`, `ParentID`, `MenuTitle`) VALUES
(1, 1, 1, 0, 0, 1, 1, 0, 'DNADesign\\Elemental\\Models\\ElementContent', '2023-02-24 13:21:54', '2023-02-24 13:21:54', NULL, 0, 1, NULL, NULL, 1, NULL),
(2, 1, 2, 1, 0, 1, 1, 1, 'DNADesign\\Elemental\\Models\\ElementContent', '2023-02-24 13:21:56', '2023-02-24 13:21:54', NULL, 0, 1, NULL, NULL, 1, NULL),
(3, 1, 3, 0, 0, 1, 1, 0, 'DNADesign\\Elemental\\Models\\ElementContent', '2023-02-24 13:22:02', '2023-02-24 13:21:54', 'TEst', 0, 1, NULL, NULL, 1, NULL),
(4, 1, 4, 1, 0, 1, 1, 1, 'DNADesign\\Elemental\\Models\\ElementContent', '2023-02-24 13:22:02', '2023-02-24 13:21:54', 'TEst', 0, 1, NULL, NULL, 1, NULL),
(5, 1, 5, 0, 0, 1, 1, 0, 'DNADesign\\Elemental\\Models\\ElementContent', '2023-02-24 13:23:21', '2023-02-24 13:21:54', 'Test tItel', 0, 1, NULL, NULL, 1, NULL),
(6, 1, 6, 1, 0, 1, 1, 1, 'DNADesign\\Elemental\\Models\\ElementContent', '2023-02-24 13:23:21', '2023-02-24 13:21:54', 'Test tItel', 0, 1, NULL, NULL, 1, NULL),
(7, 2, 1, 0, 0, 1, 1, 0, 'HeroBannerElement', '2023-02-24 13:38:31', '2023-02-24 13:38:31', NULL, 0, 1, NULL, NULL, 1, NULL),
(8, 2, 2, 0, 0, 1, 1, 0, 'HeroBannerElement', '2023-02-24 13:39:18', '2023-02-24 13:38:31', NULL, 0, 1, NULL, NULL, 1, NULL),
(9, 2, 3, 1, 0, 1, 1, 1, 'HeroBannerElement', '2023-02-24 13:39:19', '2023-02-24 13:38:31', NULL, 0, 1, NULL, NULL, 1, NULL),
(10, 2, 4, 0, 0, 1, 1, 0, 'HeroBannerElement', '2023-02-24 13:39:54', '2023-02-24 13:38:31', NULL, 0, 1, NULL, NULL, 1, NULL),
(11, 2, 5, 1, 0, 1, 1, 1, 'HeroBannerElement', '2023-02-24 13:39:54', '2023-02-24 13:38:31', NULL, 0, 1, NULL, NULL, 1, NULL),
(12, 2, 6, 0, 0, 1, 1, 0, 'HeroBannerElement', '2023-02-24 13:40:06', '2023-02-24 13:38:31', NULL, 0, 1, NULL, NULL, 1, NULL),
(13, 2, 7, 1, 0, 1, 1, 1, 'HeroBannerElement', '2023-02-24 13:40:06', '2023-02-24 13:38:31', NULL, 0, 1, NULL, NULL, 1, NULL),
(14, 2, 8, 0, 0, 1, 1, 0, 'HeroBannerElement', '2023-02-24 13:43:27', '2023-02-24 13:38:31', NULL, 0, 1, NULL, NULL, 1, NULL),
(15, 2, 9, 1, 0, 1, 1, 1, 'HeroBannerElement', '2023-02-24 13:43:27', '2023-02-24 13:38:31', NULL, 0, 1, NULL, NULL, 1, NULL),
(16, 2, 10, 0, 0, 1, 1, 0, 'HeroBannerElement', '2023-02-24 13:43:37', '2023-02-24 13:38:31', 'Hero Banner', 0, 1, NULL, NULL, 1, NULL),
(17, 2, 11, 1, 0, 1, 1, 1, 'HeroBannerElement', '2023-02-24 13:43:37', '2023-02-24 13:38:31', 'Hero Banner', 0, 1, NULL, NULL, 1, NULL),
(18, 1, 7, 1, 1, 0, 1, 1, 'DNADesign\\Elemental\\Models\\ElementContent', '2023-02-24 13:43:46', '2023-02-24 13:21:54', 'Test tItel', 0, 2, NULL, NULL, 1, NULL),
(19, 1, 8, 0, 1, 1, 1, 0, 'DNADesign\\Elemental\\Models\\ElementContent', '2023-02-24 13:43:46', '2023-02-24 13:21:54', NULL, 0, 0, NULL, NULL, 0, NULL),
(20, 3, 1, 0, 0, 1, 1, 0, 'EventsElement', '2023-02-24 13:47:45', '2023-02-24 13:47:45', NULL, 0, 1, NULL, NULL, 1, NULL),
(21, 2, 12, 0, 0, 1, 1, 0, 'HeroBannerElement', '2023-02-24 13:47:49', '2023-02-24 13:38:31', 'Hero Banner', 0, 1, NULL, NULL, 1, NULL),
(22, 3, 2, 0, 0, 1, 1, 0, 'EventsElement', '2023-02-24 13:48:04', '2023-02-24 13:47:45', NULL, 0, 2, NULL, NULL, 1, NULL),
(23, 2, 13, 1, 0, 1, 1, 1, 'HeroBannerElement', '2023-02-24 13:48:04', '2023-02-24 13:38:31', 'Hero Banner', 0, 1, NULL, NULL, 1, NULL),
(24, 3, 3, 1, 0, 1, 1, 1, 'EventsElement', '2023-02-24 13:48:04', '2023-02-24 13:47:45', NULL, 0, 2, NULL, NULL, 1, NULL),
(25, 3, 4, 0, 0, 1, 1, 0, 'EventsElement', '2023-02-24 13:48:16', '2023-02-24 13:47:45', 'Events in NZ', 0, 2, NULL, NULL, 1, NULL),
(26, 3, 5, 1, 0, 1, 1, 1, 'EventsElement', '2023-02-24 13:48:16', '2023-02-24 13:47:45', 'Events in NZ', 0, 2, NULL, NULL, 1, NULL),
(27, 3, 6, 0, 0, 1, 1, 0, 'EventsElement', '2023-02-24 13:48:33', '2023-02-24 13:47:45', 'Events in NZ', 0, 2, NULL, NULL, 1, NULL),
(28, 3, 7, 1, 0, 1, 1, 1, 'EventsElement', '2023-02-24 13:48:33', '2023-02-24 13:47:45', 'Events in NZ', 0, 2, NULL, NULL, 1, NULL),
(29, 4, 1, 0, 0, 1, 1, 0, 'TextLeftImageRightElement', '2023-02-24 14:07:52', '2023-02-24 14:07:52', NULL, 0, 1, NULL, NULL, 1, NULL),
(30, 4, 2, 0, 0, 1, 1, 0, 'TextLeftImageRightElement', '2023-02-24 14:07:55', '2023-02-24 14:07:52', NULL, 0, 3, NULL, NULL, 1, NULL),
(31, 4, 3, 0, 0, 1, 1, 0, 'TextLeftImageRightElement', '2023-02-24 14:08:02', '2023-02-24 14:07:52', NULL, 0, 3, NULL, NULL, 1, NULL),
(32, 4, 4, 1, 0, 1, 1, 1, 'TextLeftImageRightElement', '2023-02-24 14:08:02', '2023-02-24 14:07:52', NULL, 0, 3, NULL, NULL, 1, NULL),
(33, 4, 5, 0, 0, 1, 1, 0, 'TextLeftImageRightElement', '2023-02-24 14:08:35', '2023-02-24 14:07:52', 'Why is Bitcoin Important for NZ?', 0, 3, NULL, NULL, 1, NULL),
(34, 4, 6, 1, 0, 1, 1, 1, 'TextLeftImageRightElement', '2023-02-24 14:08:35', '2023-02-24 14:07:52', 'Why is Bitcoin Important for NZ?', 0, 3, NULL, NULL, 1, NULL),
(35, 4, 7, 0, 0, 1, 1, 0, 'TextLeftImageRightElement', '2023-02-24 14:11:50', '2023-02-24 14:07:52', 'Why is Bitcoin Important for NZ?', 0, 3, NULL, NULL, 1, NULL),
(36, 4, 8, 1, 0, 1, 1, 1, 'TextLeftImageRightElement', '2023-02-24 14:11:50', '2023-02-24 14:07:52', 'Why is Bitcoin Important for NZ?', 0, 3, NULL, NULL, 1, NULL),
(37, 5, 1, 0, 0, 1, 1, 0, 'ContactBarElement', '2023-02-24 14:13:58', '2023-02-24 14:13:58', NULL, 0, 4, NULL, NULL, 1, NULL),
(38, 5, 2, 0, 0, 1, 1, 0, 'ContactBarElement', '2023-02-24 14:14:22', '2023-02-24 14:13:58', NULL, 0, 4, NULL, NULL, 1, NULL),
(39, 5, 3, 1, 0, 1, 1, 1, 'ContactBarElement', '2023-02-24 14:14:22', '2023-02-24 14:13:58', NULL, 0, 4, NULL, NULL, 1, NULL),
(40, 5, 4, 0, 0, 1, 1, 0, 'ContactBarElement', '2023-02-24 14:15:08', '2023-02-24 14:13:58', NULL, 0, 4, NULL, NULL, 1, NULL),
(41, 5, 5, 1, 0, 1, 1, 1, 'ContactBarElement', '2023-02-24 14:15:08', '2023-02-24 14:13:58', NULL, 0, 4, NULL, NULL, 1, NULL),
(42, 5, 6, 0, 0, 1, 1, 0, 'ContactBarElement', '2023-02-24 14:16:44', '2023-02-24 14:13:58', NULL, 0, 4, NULL, NULL, 1, NULL),
(43, 5, 7, 1, 0, 1, 1, 1, 'ContactBarElement', '2023-02-24 14:16:44', '2023-02-24 14:13:58', NULL, 0, 4, NULL, NULL, 1, NULL),
(44, 5, 8, 0, 0, 1, 1, 0, 'ContactBarElement', '2023-02-24 14:18:12', '2023-02-24 14:13:58', 'Contact Bar', 0, 4, NULL, NULL, 1, NULL),
(45, 5, 9, 1, 0, 1, 1, 1, 'ContactBarElement', '2023-02-24 14:18:13', '2023-02-24 14:13:58', 'Contact Bar', 0, 4, NULL, NULL, 1, NULL),
(46, 5, 10, 0, 0, 1, 1, 0, 'ContactBarElement', '2023-02-24 14:18:33', '2023-02-24 14:13:58', 'Contact Bar', 0, 4, NULL, NULL, 1, NULL),
(47, 5, 11, 1, 0, 1, 1, 1, 'ContactBarElement', '2023-02-24 14:18:33', '2023-02-24 14:13:58', 'Contact Bar', 0, 4, NULL, NULL, 1, NULL),
(48, 6, 1, 0, 0, 1, 1, 0, 'TextLeftImageRightElement', '2023-02-24 14:19:05', '2023-02-24 14:19:05', NULL, 0, 5, NULL, NULL, 1, NULL),
(49, 6, 2, 0, 0, 1, 1, 0, 'TextLeftImageRightElement', '2023-02-24 14:19:23', '2023-02-24 14:19:05', 'FAQ', 1, 5, NULL, NULL, 1, NULL),
(50, 6, 3, 1, 0, 1, 1, 1, 'TextLeftImageRightElement', '2023-02-24 14:19:23', '2023-02-24 14:19:05', 'FAQ', 1, 5, NULL, NULL, 1, NULL),
(51, 6, 4, 0, 0, 1, 1, 0, 'TextLeftImageRightElement', '2023-02-24 14:19:57', '2023-02-24 14:19:05', 'FAQ', 1, 5, NULL, NULL, 1, NULL),
(52, 6, 5, 1, 0, 1, 1, 1, 'TextLeftImageRightElement', '2023-02-24 14:19:57', '2023-02-24 14:19:05', 'FAQ', 1, 5, NULL, NULL, 1, NULL),
(53, 7, 1, 0, 0, 1, 1, 0, 'ProjectsListElement', '2023-02-24 14:28:16', '2023-02-24 14:28:16', NULL, 0, 6, NULL, NULL, 1, NULL),
(54, 7, 2, 0, 0, 1, 1, 0, 'ProjectsListElement', '2023-02-24 14:28:29', '2023-02-24 14:28:16', 'Made in New Zealand', 1, 6, NULL, NULL, 1, NULL),
(55, 7, 3, 1, 0, 1, 1, 1, 'ProjectsListElement', '2023-02-24 14:28:29', '2023-02-24 14:28:16', 'Made in New Zealand', 1, 6, NULL, NULL, 1, NULL),
(56, 8, 1, 0, 0, 1, 1, 0, 'DNADesign\\Elemental\\Models\\ElementContent', '2023-02-24 14:30:27', '2023-02-24 14:30:27', NULL, 0, 7, NULL, NULL, 1, NULL),
(57, 8, 2, 0, 0, 1, 1, 0, 'DNADesign\\Elemental\\Models\\ElementContent', '2023-02-24 14:30:51', '2023-02-24 14:30:27', 'Resources', 1, 7, NULL, NULL, 1, NULL),
(58, 8, 3, 1, 0, 1, 1, 1, 'DNADesign\\Elemental\\Models\\ElementContent', '2023-02-24 14:30:51', '2023-02-24 14:30:27', 'Resources', 1, 7, NULL, NULL, 1, NULL),
(59, 2, 14, 0, 0, 1, 1, 0, 'HeroBannerElement', '2023-02-24 15:33:19', '2023-02-24 13:38:31', 'Hero Banner', 0, 1, NULL, NULL, 1, NULL),
(60, 2, 15, 1, 0, 1, 1, 1, 'HeroBannerElement', '2023-02-24 15:33:19', '2023-02-24 13:38:31', 'Hero Banner', 0, 1, NULL, NULL, 1, NULL),
(61, 3, 8, 0, 0, 1, 1, 0, 'EventsElement', '2023-02-24 15:34:12', '2023-02-24 13:47:45', 'Events in NZ', 0, 2, NULL, NULL, 1, NULL),
(62, 4, 9, 0, 0, 1, 1, 0, 'TextLeftImageRightElement', '2023-02-24 15:34:12', '2023-02-24 14:07:52', 'Why is Bitcoin Important for NZ?', 0, 3, NULL, NULL, 1, NULL),
(63, 5, 12, 0, 0, 1, 1, 0, 'ContactBarElement', '2023-02-24 15:34:12', '2023-02-24 14:13:58', 'Contact Bar', 0, 4, NULL, NULL, 1, NULL),
(64, 6, 6, 0, 0, 1, 1, 0, 'TextLeftImageRightElement', '2023-02-24 15:34:12', '2023-02-24 14:19:05', 'FAQ', 1, 5, NULL, NULL, 1, NULL),
(65, 7, 4, 0, 0, 1, 1, 0, 'ProjectsListElement', '2023-02-24 15:34:12', '2023-02-24 14:28:16', 'Made in New Zealand', 1, 6, NULL, NULL, 1, NULL),
(66, 3, 9, 1, 0, 1, 1, 1, 'EventsElement', '2023-02-24 15:34:12', '2023-02-24 13:47:45', 'Events in NZ', 0, 2, NULL, NULL, 1, NULL),
(67, 4, 10, 1, 0, 1, 1, 1, 'TextLeftImageRightElement', '2023-02-24 15:34:12', '2023-02-24 14:07:52', 'Why is Bitcoin Important for NZ?', 0, 3, NULL, NULL, 1, NULL),
(68, 5, 13, 1, 0, 1, 1, 1, 'ContactBarElement', '2023-02-24 15:34:12', '2023-02-24 14:13:58', 'Contact Bar', 0, 4, NULL, NULL, 1, NULL),
(69, 6, 7, 1, 0, 1, 1, 1, 'TextLeftImageRightElement', '2023-02-24 15:34:12', '2023-02-24 14:19:05', 'FAQ', 1, 5, NULL, NULL, 1, NULL),
(70, 7, 5, 1, 0, 1, 1, 1, 'ProjectsListElement', '2023-02-24 15:34:12', '2023-02-24 14:28:16', 'Made in New Zealand', 1, 6, NULL, NULL, 1, NULL),
(71, 8, 4, 0, 0, 1, 1, 0, 'DNADesign\\Elemental\\Models\\ElementContent', '2023-02-24 15:41:55', '2023-02-24 14:30:27', 'Resources', 1, 7, NULL, NULL, 1, NULL),
(72, 8, 5, 1, 0, 1, 1, 1, 'DNADesign\\Elemental\\Models\\ElementContent', '2023-02-24 15:41:55', '2023-02-24 14:30:27', 'Resources', 1, 7, NULL, NULL, 1, NULL),
(73, 2, 16, 0, 0, 1, 1, 0, 'HeroBannerElement', '2023-02-24 15:46:30', '2023-02-24 13:38:31', 'Hero Banner', 0, 1, NULL, NULL, 1, 'Home'),
(74, 3, 10, 0, 0, 1, 1, 0, 'EventsElement', '2023-02-24 15:46:30', '2023-02-24 13:47:45', 'Events in NZ', 0, 2, NULL, NULL, 1, 'Events in NZ'),
(75, 2, 17, 1, 0, 1, 1, 1, 'HeroBannerElement', '2023-02-24 15:46:31', '2023-02-24 13:38:31', 'Hero Banner', 0, 1, NULL, NULL, 1, 'Home'),
(76, 3, 11, 1, 0, 1, 1, 1, 'EventsElement', '2023-02-24 15:46:31', '2023-02-24 13:47:45', 'Events in NZ', 0, 2, NULL, NULL, 1, 'Events in NZ'),
(77, 4, 11, 0, 0, 1, 1, 0, 'TextLeftImageRightElement', '2023-02-24 15:47:19', '2023-02-24 14:07:52', 'Why is Bitcoin Important for NZ?', 0, 3, NULL, NULL, 1, 'Learn about Bitcoin'),
(78, 6, 8, 0, 0, 1, 1, 0, 'TextLeftImageRightElement', '2023-02-24 15:47:19', '2023-02-24 14:19:05', 'FAQ', 1, 5, NULL, NULL, 1, 'FAQ'),
(79, 7, 6, 0, 0, 1, 1, 0, 'ProjectsListElement', '2023-02-24 15:47:19', '2023-02-24 14:28:16', 'Made in New Zealand', 1, 6, NULL, NULL, 1, 'Made in NZ'),
(80, 8, 6, 0, 0, 1, 1, 0, 'DNADesign\\Elemental\\Models\\ElementContent', '2023-02-24 15:47:20', '2023-02-24 14:30:27', 'Resources', 1, 7, NULL, NULL, 1, 'Articles & Guides'),
(81, 4, 12, 1, 0, 1, 1, 1, 'TextLeftImageRightElement', '2023-02-24 15:47:20', '2023-02-24 14:07:52', 'Why is Bitcoin Important for NZ?', 0, 3, NULL, NULL, 1, 'Learn about Bitcoin'),
(82, 6, 9, 1, 0, 1, 1, 1, 'TextLeftImageRightElement', '2023-02-24 15:47:20', '2023-02-24 14:19:05', 'FAQ', 1, 5, NULL, NULL, 1, 'FAQ'),
(83, 7, 7, 1, 0, 1, 1, 1, 'ProjectsListElement', '2023-02-24 15:47:20', '2023-02-24 14:28:16', 'Made in New Zealand', 1, 6, NULL, NULL, 1, 'Made in NZ'),
(84, 8, 7, 1, 0, 1, 1, 1, 'DNADesign\\Elemental\\Models\\ElementContent', '2023-02-24 15:47:20', '2023-02-24 14:30:27', 'Resources', 1, 7, NULL, NULL, 1, 'Articles & Guides'),
(85, 9, 1, 0, 0, 1, 1, 0, 'DNADesign\\Elemental\\Models\\ElementContent', '2023-02-24 15:59:43', '2023-02-24 15:59:43', NULL, 0, 1, NULL, NULL, 3, NULL),
(86, 9, 2, 0, 0, 1, 1, 0, 'DNADesign\\Elemental\\Models\\ElementContent', '2023-02-24 15:59:57', '2023-02-24 15:59:43', 'Contact', 0, 1, NULL, NULL, 3, 'Contact'),
(87, 9, 3, 1, 0, 1, 1, 1, 'DNADesign\\Elemental\\Models\\ElementContent', '2023-02-24 15:59:57', '2023-02-24 15:59:43', 'Contact', 0, 1, NULL, NULL, 3, 'Contact'),
(88, 9, 4, 0, 0, 1, 1, 0, 'DNADesign\\Elemental\\Models\\ElementContent', '2023-02-24 16:00:05', '2023-02-24 15:59:43', 'Contact', 0, 1, NULL, NULL, 3, 'Contact'),
(89, 9, 5, 1, 0, 1, 1, 1, 'DNADesign\\Elemental\\Models\\ElementContent', '2023-02-24 16:00:06', '2023-02-24 15:59:43', 'Contact', 0, 1, NULL, NULL, 3, 'Contact'),
(90, 9, 6, 1, 1, 0, 1, 1, 'DNADesign\\Elemental\\Models\\ElementContent', '2023-02-24 16:00:19', '2023-02-24 15:59:43', 'Contact', 0, 1, NULL, NULL, 3, 'Contact'),
(91, 9, 7, 0, 1, 1, 1, 0, 'DNADesign\\Elemental\\Models\\ElementContent', '2023-02-24 16:00:19', '2023-02-24 15:59:43', NULL, 0, 0, NULL, NULL, 0, NULL),
(92, 10, 1, 0, 0, 1, 1, 0, 'TextLeftImageRightElement', '2023-02-24 16:00:25', '2023-02-24 16:00:25', NULL, 0, 1, NULL, NULL, 3, NULL),
(93, 11, 1, 0, 0, 1, 1, 0, 'TextLeftImageRightElement', '2023-02-24 16:00:25', '2023-02-24 16:00:25', NULL, 0, 1, NULL, NULL, 3, NULL),
(94, 10, 2, 0, 1, 1, 1, 0, 'TextLeftImageRightElement', '2023-02-24 16:00:30', '2023-02-24 16:00:25', NULL, 0, 0, NULL, NULL, 0, NULL),
(95, 11, 2, 0, 0, 1, 1, 0, 'TextLeftImageRightElement', '2023-02-24 16:01:01', '2023-02-24 16:00:25', 'Contact', 0, 1, NULL, NULL, 3, 'Contact'),
(96, 11, 3, 1, 0, 1, 1, 1, 'TextLeftImageRightElement', '2023-02-24 16:01:01', '2023-02-24 16:00:25', 'Contact', 0, 1, NULL, NULL, 3, 'Contact');

-- --------------------------------------------------------

--
-- Table structure for table `ErrorPage`
--

CREATE TABLE `ErrorPage` (
  `ID` int(11) NOT NULL,
  `ErrorCode` int(11) NOT NULL DEFAULT '0'
) ENGINE=InnoDB DEFAULT CHARSET=latin1;

--
-- Dumping data for table `ErrorPage`
--

INSERT INTO `ErrorPage` (`ID`, `ErrorCode`) VALUES
(4, 404),
(5, 500);

-- --------------------------------------------------------

--
-- Table structure for table `ErrorPage_Live`
--

CREATE TABLE `ErrorPage_Live` (
  `ID` int(11) NOT NULL,
  `ErrorCode` int(11) NOT NULL DEFAULT '0'
) ENGINE=InnoDB DEFAULT CHARSET=latin1;

--
-- Dumping data for table `ErrorPage_Live`
--

INSERT INTO `ErrorPage_Live` (`ID`, `ErrorCode`) VALUES
(4, 404),
(5, 500);

-- --------------------------------------------------------

--
-- Table structure for table `ErrorPage_Versions`
--

CREATE TABLE `ErrorPage_Versions` (
  `ID` int(11) NOT NULL,
  `RecordID` int(11) NOT NULL DEFAULT '0',
  `Version` int(11) NOT NULL DEFAULT '0',
  `ErrorCode` int(11) NOT NULL DEFAULT '0'
) ENGINE=InnoDB DEFAULT CHARSET=latin1;

--
-- Dumping data for table `ErrorPage_Versions`
--

INSERT INTO `ErrorPage_Versions` (`ID`, `RecordID`, `Version`, `ErrorCode`) VALUES
(1, 4, 1, 404),
(2, 4, 2, 404),
(3, 5, 1, 500),
(4, 5, 2, 500);

-- --------------------------------------------------------

--
-- Table structure for table `Event`
--

CREATE TABLE `Event` (
  `ID` int(11) NOT NULL,
  `ClassName` enum('Event') CHARACTER SET utf8mb4 COLLATE utf8mb4_unicode_ci DEFAULT 'Event',
  `LastEdited` datetime DEFAULT NULL,
  `Created` datetime DEFAULT NULL,
  `Date` datetime DEFAULT NULL,
  `Link` mediumtext CHARACTER SET utf8mb4 COLLATE utf8mb4_unicode_ci,
  `Title` varchar(255) CHARACTER SET utf8mb4 COLLATE utf8mb4_unicode_ci DEFAULT NULL,
  `Location` varchar(255) CHARACTER SET utf8mb4 COLLATE utf8mb4_unicode_ci DEFAULT NULL,
  `LocationLink` mediumtext CHARACTER SET utf8mb4 COLLATE utf8mb4_unicode_ci
) ENGINE=InnoDB DEFAULT CHARSET=latin1;

--
-- Dumping data for table `Event`
--

INSERT INTO `Event` (`ID`, `ClassName`, `LastEdited`, `Created`, `Date`, `Link`, `Title`, `Location`, `LocationLink`) VALUES
(1, 'Event', '2023-02-24 13:57:27', '2023-02-24 13:55:39', '2023-03-25 14:00:00', 'https://twitter.com/Bitkiwi1', 'Bitkiwi IV - Christchurch, NZ', 'The Bealey Quarter, Bealey Ave, Christchurch', 'https://goo.gl/maps/NZV2o7hc8PYiRhMm6'),
(2, 'Event', '2023-02-24 14:03:45', '2023-02-24 14:03:45', '2023-04-07 18:00:00', 'https://learnbitcoin.nz/meetup', 'Queenstown, NZ', 'Worldbar, Queenstown.', 'https://goo.gl/maps/JzyqPaRkuT411kkR7');

-- --------------------------------------------------------

--
-- Table structure for table `EventsElement`
--

CREATE TABLE `EventsElement` (
  `ID` int(11) NOT NULL,
  `Title` varchar(255) CHARACTER SET utf8mb4 COLLATE utf8mb4_unicode_ci DEFAULT NULL,
  `Text` mediumtext CHARACTER SET utf8mb4 COLLATE utf8mb4_unicode_ci,
  `ImageID` int(11) NOT NULL DEFAULT '0',
  `MenuTitle` varchar(255) CHARACTER SET utf8mb4 COLLATE utf8mb4_unicode_ci DEFAULT NULL
) ENGINE=InnoDB DEFAULT CHARSET=latin1;

--
-- Dumping data for table `EventsElement`
--

INSERT INTO `EventsElement` (`ID`, `Title`, `Text`, `ImageID`, `MenuTitle`) VALUES
(3, 'Events in NZ', '<p><strong>Community events and meetups are part of the heart of Bitcoin in New Zealand.<br><br></strong>Events help bring people from all walks of life together to discuss the technology and ideas behind Bitcoin.<br><br>Have a New Zealand Bitcoin Event or Meetup to share? <a href=\"mailto:hello@nzbitcoiners.org\">Get in touch.</a></p>', 4, 'Events in NZ');

-- --------------------------------------------------------

--
-- Table structure for table `EventsElement_Live`
--

CREATE TABLE `EventsElement_Live` (
  `ID` int(11) NOT NULL,
  `Title` varchar(255) CHARACTER SET utf8mb4 COLLATE utf8mb4_unicode_ci DEFAULT NULL,
  `Text` mediumtext CHARACTER SET utf8mb4 COLLATE utf8mb4_unicode_ci,
  `ImageID` int(11) NOT NULL DEFAULT '0',
  `MenuTitle` varchar(255) CHARACTER SET utf8mb4 COLLATE utf8mb4_unicode_ci DEFAULT NULL
) ENGINE=InnoDB DEFAULT CHARSET=latin1;

--
-- Dumping data for table `EventsElement_Live`
--

INSERT INTO `EventsElement_Live` (`ID`, `Title`, `Text`, `ImageID`, `MenuTitle`) VALUES
(3, 'Events in NZ', '<p><strong>Community events and meetups are part of the heart of Bitcoin in New Zealand.<br><br></strong>Events help bring people from all walks of life together to discuss the technology and ideas behind Bitcoin.<br><br>Have a New Zealand Bitcoin Event or Meetup to share? <a href=\"mailto:hello@nzbitcoiners.org\">Get in touch.</a></p>', 4, 'Events in NZ');

-- --------------------------------------------------------

--
-- Table structure for table `EventsElement_Versions`
--

CREATE TABLE `EventsElement_Versions` (
  `ID` int(11) NOT NULL,
  `RecordID` int(11) NOT NULL DEFAULT '0',
  `Version` int(11) NOT NULL DEFAULT '0',
  `Title` varchar(255) CHARACTER SET utf8mb4 COLLATE utf8mb4_unicode_ci DEFAULT NULL,
  `Text` mediumtext CHARACTER SET utf8mb4 COLLATE utf8mb4_unicode_ci,
  `ImageID` int(11) NOT NULL DEFAULT '0',
  `MenuTitle` varchar(255) CHARACTER SET utf8mb4 COLLATE utf8mb4_unicode_ci DEFAULT NULL
) ENGINE=InnoDB DEFAULT CHARSET=latin1;

--
-- Dumping data for table `EventsElement_Versions`
--

INSERT INTO `EventsElement_Versions` (`ID`, `RecordID`, `Version`, `Title`, `Text`, `ImageID`, `MenuTitle`) VALUES
(1, 3, 1, NULL, NULL, 0, NULL),
(2, 3, 2, NULL, '<p><strong>Community events and meetups are part of the heart of Bitcoin in New Zealand.<br><br></strong>Events help bring people from all walks of life together to discuss the technology and ideas behind Bitcoin.<br><br>Have a New Zealand Bitcoin Event or Meetup to share? <a href=\"mailto:hello@nzbitcoiners.org\">Get in touch.</a></p>', 0, NULL),
(3, 3, 3, NULL, '<p><strong>Community events and meetups are part of the heart of Bitcoin in New Zealand.<br><br></strong>Events help bring people from all walks of life together to discuss the technology and ideas behind Bitcoin.<br><br>Have a New Zealand Bitcoin Event or Meetup to share? <a href=\"mailto:hello@nzbitcoiners.org\">Get in touch.</a></p>', 0, NULL),
(4, 3, 4, 'Events in NZ', '<p><strong>Community events and meetups are part of the heart of Bitcoin in New Zealand.<br><br></strong>Events help bring people from all walks of life together to discuss the technology and ideas behind Bitcoin.<br><br>Have a New Zealand Bitcoin Event or Meetup to share? <a href=\"mailto:hello@nzbitcoiners.org\">Get in touch.</a></p>', 0, NULL),
(5, 3, 5, 'Events in NZ', '<p><strong>Community events and meetups are part of the heart of Bitcoin in New Zealand.<br><br></strong>Events help bring people from all walks of life together to discuss the technology and ideas behind Bitcoin.<br><br>Have a New Zealand Bitcoin Event or Meetup to share? <a href=\"mailto:hello@nzbitcoiners.org\">Get in touch.</a></p>', 0, NULL),
(6, 3, 6, 'Events in NZ', '<p><strong>Community events and meetups are part of the heart of Bitcoin in New Zealand.<br><br></strong>Events help bring people from all walks of life together to discuss the technology and ideas behind Bitcoin.<br><br>Have a New Zealand Bitcoin Event or Meetup to share? <a href=\"mailto:hello@nzbitcoiners.org\">Get in touch.</a></p>', 4, NULL),
(7, 3, 7, 'Events in NZ', '<p><strong>Community events and meetups are part of the heart of Bitcoin in New Zealand.<br><br></strong>Events help bring people from all walks of life together to discuss the technology and ideas behind Bitcoin.<br><br>Have a New Zealand Bitcoin Event or Meetup to share? <a href=\"mailto:hello@nzbitcoiners.org\">Get in touch.</a></p>', 4, NULL),
(8, 3, 8, 'Events in NZ', '<p><strong>Community events and meetups are part of the heart of Bitcoin in New Zealand.<br><br></strong>Events help bring people from all walks of life together to discuss the technology and ideas behind Bitcoin.<br><br>Have a New Zealand Bitcoin Event or Meetup to share? <a href=\"mailto:hello@nzbitcoiners.org\">Get in touch.</a></p>', 4, 'Events in NZ'),
(9, 3, 9, 'Events in NZ', '<p><strong>Community events and meetups are part of the heart of Bitcoin in New Zealand.<br><br></strong>Events help bring people from all walks of life together to discuss the technology and ideas behind Bitcoin.<br><br>Have a New Zealand Bitcoin Event or Meetup to share? <a href=\"mailto:hello@nzbitcoiners.org\">Get in touch.</a></p>', 4, 'Events in NZ'),
(10, 3, 10, 'Events in NZ', '<p><strong>Community events and meetups are part of the heart of Bitcoin in New Zealand.<br><br></strong>Events help bring people from all walks of life together to discuss the technology and ideas behind Bitcoin.<br><br>Have a New Zealand Bitcoin Event or Meetup to share? <a href=\"mailto:hello@nzbitcoiners.org\">Get in touch.</a></p>', 4, NULL),
(11, 3, 11, 'Events in NZ', '<p><strong>Community events and meetups are part of the heart of Bitcoin in New Zealand.<br><br></strong>Events help bring people from all walks of life together to discuss the technology and ideas behind Bitcoin.<br><br>Have a New Zealand Bitcoin Event or Meetup to share? <a href=\"mailto:hello@nzbitcoiners.org\">Get in touch.</a></p>', 4, NULL);

-- --------------------------------------------------------

--
-- Table structure for table `File`
--

CREATE TABLE `File` (
  `ID` int(11) NOT NULL,
  `ClassName` enum('SilverStripe\\Assets\\File','SilverStripe\\Assets\\Folder','SilverStripe\\Assets\\Image') CHARACTER SET utf8mb4 COLLATE utf8mb4_unicode_ci DEFAULT 'SilverStripe\\Assets\\File',
  `LastEdited` datetime DEFAULT NULL,
  `Created` datetime DEFAULT NULL,
  `Version` int(11) NOT NULL DEFAULT '0',
  `CanViewType` enum('Anyone','LoggedInUsers','OnlyTheseUsers','Inherit') CHARACTER SET utf8mb4 COLLATE utf8mb4_unicode_ci DEFAULT 'Inherit',
  `CanEditType` enum('LoggedInUsers','OnlyTheseUsers','Inherit') CHARACTER SET utf8mb4 COLLATE utf8mb4_unicode_ci DEFAULT 'Inherit',
  `Name` varchar(255) CHARACTER SET utf8mb4 COLLATE utf8mb4_unicode_ci DEFAULT NULL,
  `Title` varchar(255) CHARACTER SET utf8mb4 COLLATE utf8mb4_unicode_ci DEFAULT NULL,
  `ShowInSearch` tinyint(1) UNSIGNED NOT NULL DEFAULT '1',
  `ParentID` int(11) NOT NULL DEFAULT '0',
  `OwnerID` int(11) NOT NULL DEFAULT '0',
  `FileHash` varchar(255) CHARACTER SET utf8mb4 COLLATE utf8mb4_unicode_ci DEFAULT NULL,
  `FileFilename` varchar(255) CHARACTER SET utf8mb4 COLLATE utf8mb4_unicode_ci DEFAULT NULL,
  `FileVariant` varchar(255) CHARACTER SET utf8mb4 COLLATE utf8mb4_unicode_ci DEFAULT NULL
) ENGINE=InnoDB DEFAULT CHARSET=latin1;

--
-- Dumping data for table `File`
--

INSERT INTO `File` (`ID`, `ClassName`, `LastEdited`, `Created`, `Version`, `CanViewType`, `CanEditType`, `Name`, `Title`, `ShowInSearch`, `ParentID`, `OwnerID`, `FileHash`, `FileFilename`, `FileVariant`) VALUES
(1, 'SilverStripe\\Assets\\Folder', '2023-02-21 16:49:39', '2023-02-21 16:49:39', 2, 'Inherit', 'Inherit', 'Uploads', 'Uploads', 1, 0, 1, NULL, NULL, NULL),
(2, 'SilverStripe\\Assets\\File', '2023-02-24 13:17:55', '2023-02-24 13:17:06', 2, 'Inherit', 'Inherit', 'nzbitcoiners-logo.svg', 'nzbitcoiners logo', 1, 1, 1, '52113f0b49c7ed83f1391efc8b5722826150e6e2', 'Uploads/nzbitcoiners-logo.svg', NULL),
(3, 'SilverStripe\\Assets\\Image', '2023-02-24 13:39:54', '2023-02-24 13:39:16', 2, 'Inherit', 'Inherit', 'hero-image-p-1080.jpg', 'hero image p 1080', 1, 1, 1, 'ed8cc67a854a3ba9696223f15226dbe0c23afd18', 'Uploads/hero-image-p-1080.jpg', NULL),
(4, 'SilverStripe\\Assets\\Image', '2023-02-24 13:48:33', '2023-02-24 13:48:31', 2, 'Inherit', 'Inherit', 'satoshi-giveaway.jpg', 'satoshi giveaway', 1, 1, 1, 'b3ecffebe819a3636e1d504e827c9501dc696bf4', 'Uploads/satoshi-giveaway.jpg', NULL),
(5, 'SilverStripe\\Assets\\Image', '2023-02-24 14:11:50', '2023-02-24 14:11:48', 2, 'Inherit', 'Inherit', 'payment.gif', 'payment', 1, 1, 1, '94ce5e69ce5ba75d3064080dbe1c5ece07f2f971', 'Uploads/payment.gif', NULL),
(6, 'SilverStripe\\Assets\\Image', '2023-02-24 14:19:57', '2023-02-24 14:19:55', 2, 'Inherit', 'Inherit', 'meetup-image.jpg', 'meetup image', 1, 1, 1, 'be71875cbcd805e8c11a9533054083bbd3ddaaec', 'Uploads/meetup-image.jpg', NULL),
(7, 'SilverStripe\\Assets\\Image', '2023-02-24 14:29:59', '2023-02-24 14:29:58', 2, 'Inherit', 'Inherit', 'nzmade-accept-bitcoin.jpg', 'nzmade accept bitcoin', 1, 1, 1, 'e2ee8974cf49af70c14cff11aca20c56ec0bce71', 'Uploads/nzmade-accept-bitcoin.jpg', NULL),
(8, 'SilverStripe\\Assets\\Image', '2023-02-24 16:01:01', '2023-02-24 16:01:00', 2, 'Inherit', 'Inherit', 'contact-image.jpg', 'contact image', 1, 1, 1, 'c0098d9c28215cdbf8bcbb61fc99c662693b91fb', 'Uploads/contact-image.jpg', NULL);

-- --------------------------------------------------------

--
-- Table structure for table `FileLink`
--

CREATE TABLE `FileLink` (
  `ID` int(11) NOT NULL,
  `ClassName` enum('SilverStripe\\Assets\\Shortcodes\\FileLink') CHARACTER SET utf8mb4 COLLATE utf8mb4_unicode_ci DEFAULT 'SilverStripe\\Assets\\Shortcodes\\FileLink',
  `LastEdited` datetime DEFAULT NULL,
  `Created` datetime DEFAULT NULL,
  `LinkedID` int(11) NOT NULL DEFAULT '0',
  `ParentID` int(11) NOT NULL DEFAULT '0',
  `ParentClass` enum('Event','Project','SilverStripe\\Assets\\File','SilverStripe\\SiteConfig\\SiteConfig','SilverStripe\\Versioned\\ChangeSet','SilverStripe\\Versioned\\ChangeSetItem','DNADesign\\Elemental\\Models\\BaseElement','DNADesign\\Elemental\\Models\\ElementalArea','SilverStripe\\Assets\\Shortcodes\\FileLink','SilverStripe\\CMS\\Model\\SiteTree','SilverStripe\\CMS\\Model\\SiteTreeLink','SilverStripe\\Security\\Group','SilverStripe\\Security\\LoginAttempt','SilverStripe\\Security\\Member','SilverStripe\\Security\\MemberPassword','SilverStripe\\Security\\Permission','SilverStripe\\Security\\PermissionRole','SilverStripe\\Security\\PermissionRoleCode','SilverStripe\\Security\\RememberLoginHash','SilverStripe\\SessionManager\\Models\\LoginSession','SilverStripe\\Assets\\Folder','SilverStripe\\Assets\\Image','ContactBarElement','EventsElement','HeroBannerElement','ProjectsListElement','TextLeftImageRightElement','DNADesign\\Elemental\\Models\\ElementContent','Page','ElementalPage','HomePage','SilverStripe\\ErrorPage\\ErrorPage','SilverStripe\\CMS\\Model\\RedirectorPage','SilverStripe\\CMS\\Model\\VirtualPage') CHARACTER SET utf8mb4 COLLATE utf8mb4_unicode_ci DEFAULT 'Event'
) ENGINE=InnoDB DEFAULT CHARSET=latin1;

-- --------------------------------------------------------

--
-- Table structure for table `File_EditorGroups`
--

CREATE TABLE `File_EditorGroups` (
  `ID` int(11) NOT NULL,
  `FileID` int(11) NOT NULL DEFAULT '0',
  `GroupID` int(11) NOT NULL DEFAULT '0'
) ENGINE=InnoDB DEFAULT CHARSET=latin1;

-- --------------------------------------------------------

--
-- Table structure for table `File_Live`
--

CREATE TABLE `File_Live` (
  `ID` int(11) NOT NULL,
  `ClassName` enum('SilverStripe\\Assets\\File','SilverStripe\\Assets\\Folder','SilverStripe\\Assets\\Image') CHARACTER SET utf8mb4 COLLATE utf8mb4_unicode_ci DEFAULT 'SilverStripe\\Assets\\File',
  `LastEdited` datetime DEFAULT NULL,
  `Created` datetime DEFAULT NULL,
  `Version` int(11) NOT NULL DEFAULT '0',
  `CanViewType` enum('Anyone','LoggedInUsers','OnlyTheseUsers','Inherit') CHARACTER SET utf8mb4 COLLATE utf8mb4_unicode_ci DEFAULT 'Inherit',
  `CanEditType` enum('LoggedInUsers','OnlyTheseUsers','Inherit') CHARACTER SET utf8mb4 COLLATE utf8mb4_unicode_ci DEFAULT 'Inherit',
  `Name` varchar(255) CHARACTER SET utf8mb4 COLLATE utf8mb4_unicode_ci DEFAULT NULL,
  `Title` varchar(255) CHARACTER SET utf8mb4 COLLATE utf8mb4_unicode_ci DEFAULT NULL,
  `ShowInSearch` tinyint(1) UNSIGNED NOT NULL DEFAULT '1',
  `ParentID` int(11) NOT NULL DEFAULT '0',
  `OwnerID` int(11) NOT NULL DEFAULT '0',
  `FileHash` varchar(255) CHARACTER SET utf8mb4 COLLATE utf8mb4_unicode_ci DEFAULT NULL,
  `FileFilename` varchar(255) CHARACTER SET utf8mb4 COLLATE utf8mb4_unicode_ci DEFAULT NULL,
  `FileVariant` varchar(255) CHARACTER SET utf8mb4 COLLATE utf8mb4_unicode_ci DEFAULT NULL
) ENGINE=InnoDB DEFAULT CHARSET=latin1;

--
-- Dumping data for table `File_Live`
--

INSERT INTO `File_Live` (`ID`, `ClassName`, `LastEdited`, `Created`, `Version`, `CanViewType`, `CanEditType`, `Name`, `Title`, `ShowInSearch`, `ParentID`, `OwnerID`, `FileHash`, `FileFilename`, `FileVariant`) VALUES
(1, 'SilverStripe\\Assets\\Folder', '2023-02-21 16:49:39', '2023-02-21 16:49:39', 2, 'Inherit', 'Inherit', 'Uploads', 'Uploads', 1, 0, 1, NULL, NULL, NULL),
(2, 'SilverStripe\\Assets\\File', '2023-02-24 13:17:55', '2023-02-24 13:17:06', 2, 'Inherit', 'Inherit', 'nzbitcoiners-logo.svg', 'nzbitcoiners logo', 1, 1, 1, '52113f0b49c7ed83f1391efc8b5722826150e6e2', 'Uploads/nzbitcoiners-logo.svg', NULL),
(3, 'SilverStripe\\Assets\\Image', '2023-02-24 13:39:54', '2023-02-24 13:39:16', 2, 'Inherit', 'Inherit', 'hero-image-p-1080.jpg', 'hero image p 1080', 1, 1, 1, 'ed8cc67a854a3ba9696223f15226dbe0c23afd18', 'Uploads/hero-image-p-1080.jpg', NULL),
(4, 'SilverStripe\\Assets\\Image', '2023-02-24 13:48:33', '2023-02-24 13:48:31', 2, 'Inherit', 'Inherit', 'satoshi-giveaway.jpg', 'satoshi giveaway', 1, 1, 1, 'b3ecffebe819a3636e1d504e827c9501dc696bf4', 'Uploads/satoshi-giveaway.jpg', NULL),
(5, 'SilverStripe\\Assets\\Image', '2023-02-24 14:11:50', '2023-02-24 14:11:48', 2, 'Inherit', 'Inherit', 'payment.gif', 'payment', 1, 1, 1, '94ce5e69ce5ba75d3064080dbe1c5ece07f2f971', 'Uploads/payment.gif', NULL),
(6, 'SilverStripe\\Assets\\Image', '2023-02-24 14:19:57', '2023-02-24 14:19:55', 2, 'Inherit', 'Inherit', 'meetup-image.jpg', 'meetup image', 1, 1, 1, 'be71875cbcd805e8c11a9533054083bbd3ddaaec', 'Uploads/meetup-image.jpg', NULL),
(7, 'SilverStripe\\Assets\\Image', '2023-02-24 14:29:59', '2023-02-24 14:29:58', 2, 'Inherit', 'Inherit', 'nzmade-accept-bitcoin.jpg', 'nzmade accept bitcoin', 1, 1, 1, 'e2ee8974cf49af70c14cff11aca20c56ec0bce71', 'Uploads/nzmade-accept-bitcoin.jpg', NULL),
(8, 'SilverStripe\\Assets\\Image', '2023-02-24 16:01:01', '2023-02-24 16:01:00', 2, 'Inherit', 'Inherit', 'contact-image.jpg', 'contact image', 1, 1, 1, 'c0098d9c28215cdbf8bcbb61fc99c662693b91fb', 'Uploads/contact-image.jpg', NULL);

-- --------------------------------------------------------

--
-- Table structure for table `File_Versions`
--

CREATE TABLE `File_Versions` (
  `ID` int(11) NOT NULL,
  `RecordID` int(11) NOT NULL DEFAULT '0',
  `Version` int(11) NOT NULL DEFAULT '0',
  `WasPublished` tinyint(1) UNSIGNED NOT NULL DEFAULT '0',
  `WasDeleted` tinyint(1) UNSIGNED NOT NULL DEFAULT '0',
  `WasDraft` tinyint(1) UNSIGNED NOT NULL DEFAULT '1',
  `AuthorID` int(11) NOT NULL DEFAULT '0',
  `PublisherID` int(11) NOT NULL DEFAULT '0',
  `ClassName` enum('SilverStripe\\Assets\\File','SilverStripe\\Assets\\Folder','SilverStripe\\Assets\\Image') CHARACTER SET utf8mb4 COLLATE utf8mb4_unicode_ci DEFAULT 'SilverStripe\\Assets\\File',
  `LastEdited` datetime DEFAULT NULL,
  `Created` datetime DEFAULT NULL,
  `CanViewType` enum('Anyone','LoggedInUsers','OnlyTheseUsers','Inherit') CHARACTER SET utf8mb4 COLLATE utf8mb4_unicode_ci DEFAULT 'Inherit',
  `CanEditType` enum('LoggedInUsers','OnlyTheseUsers','Inherit') CHARACTER SET utf8mb4 COLLATE utf8mb4_unicode_ci DEFAULT 'Inherit',
  `Name` varchar(255) CHARACTER SET utf8mb4 COLLATE utf8mb4_unicode_ci DEFAULT NULL,
  `Title` varchar(255) CHARACTER SET utf8mb4 COLLATE utf8mb4_unicode_ci DEFAULT NULL,
  `ShowInSearch` tinyint(1) UNSIGNED NOT NULL DEFAULT '1',
  `ParentID` int(11) NOT NULL DEFAULT '0',
  `OwnerID` int(11) NOT NULL DEFAULT '0',
  `FileHash` varchar(255) CHARACTER SET utf8mb4 COLLATE utf8mb4_unicode_ci DEFAULT NULL,
  `FileFilename` varchar(255) CHARACTER SET utf8mb4 COLLATE utf8mb4_unicode_ci DEFAULT NULL,
  `FileVariant` varchar(255) CHARACTER SET utf8mb4 COLLATE utf8mb4_unicode_ci DEFAULT NULL
) ENGINE=InnoDB DEFAULT CHARSET=latin1;

--
-- Dumping data for table `File_Versions`
--

INSERT INTO `File_Versions` (`ID`, `RecordID`, `Version`, `WasPublished`, `WasDeleted`, `WasDraft`, `AuthorID`, `PublisherID`, `ClassName`, `LastEdited`, `Created`, `CanViewType`, `CanEditType`, `Name`, `Title`, `ShowInSearch`, `ParentID`, `OwnerID`, `FileHash`, `FileFilename`, `FileVariant`) VALUES
(1, 1, 1, 0, 0, 1, 1, 0, 'SilverStripe\\Assets\\Folder', '2023-02-21 16:49:39', '2023-02-21 16:49:39', 'Inherit', 'Inherit', 'Uploads', 'Uploads', 1, 0, 1, NULL, NULL, NULL),
(2, 1, 2, 1, 0, 1, 1, 1, 'SilverStripe\\Assets\\Folder', '2023-02-21 16:49:39', '2023-02-21 16:49:39', 'Inherit', 'Inherit', 'Uploads', 'Uploads', 1, 0, 1, NULL, NULL, NULL),
(3, 2, 1, 0, 0, 1, 1, 0, 'SilverStripe\\Assets\\File', '2023-02-24 13:17:06', '2023-02-24 13:17:06', 'Inherit', 'Inherit', 'nzbitcoiners-logo.svg', 'nzbitcoiners logo', 1, 1, 1, '52113f0b49c7ed83f1391efc8b5722826150e6e2', 'Uploads/nzbitcoiners-logo.svg', NULL),
(4, 2, 2, 1, 0, 1, 1, 1, 'SilverStripe\\Assets\\File', '2023-02-24 13:17:55', '2023-02-24 13:17:06', 'Inherit', 'Inherit', 'nzbitcoiners-logo.svg', 'nzbitcoiners logo', 1, 1, 1, '52113f0b49c7ed83f1391efc8b5722826150e6e2', 'Uploads/nzbitcoiners-logo.svg', NULL),
(5, 3, 1, 0, 0, 1, 1, 0, 'SilverStripe\\Assets\\Image', '2023-02-24 13:39:16', '2023-02-24 13:39:16', 'Inherit', 'Inherit', 'hero-image-p-1080.jpg', 'hero image p 1080', 1, 1, 1, 'ed8cc67a854a3ba9696223f15226dbe0c23afd18', 'Uploads/hero-image-p-1080.jpg', NULL),
(6, 3, 2, 1, 0, 1, 1, 1, 'SilverStripe\\Assets\\Image', '2023-02-24 13:39:54', '2023-02-24 13:39:16', 'Inherit', 'Inherit', 'hero-image-p-1080.jpg', 'hero image p 1080', 1, 1, 1, 'ed8cc67a854a3ba9696223f15226dbe0c23afd18', 'Uploads/hero-image-p-1080.jpg', NULL),
(7, 4, 1, 0, 0, 1, 1, 0, 'SilverStripe\\Assets\\Image', '2023-02-24 13:48:31', '2023-02-24 13:48:31', 'Inherit', 'Inherit', 'satoshi-giveaway.jpg', 'satoshi giveaway', 1, 1, 1, 'b3ecffebe819a3636e1d504e827c9501dc696bf4', 'Uploads/satoshi-giveaway.jpg', NULL),
(8, 4, 2, 1, 0, 1, 1, 1, 'SilverStripe\\Assets\\Image', '2023-02-24 13:48:33', '2023-02-24 13:48:31', 'Inherit', 'Inherit', 'satoshi-giveaway.jpg', 'satoshi giveaway', 1, 1, 1, 'b3ecffebe819a3636e1d504e827c9501dc696bf4', 'Uploads/satoshi-giveaway.jpg', NULL),
(9, 5, 1, 0, 0, 1, 1, 0, 'SilverStripe\\Assets\\Image', '2023-02-24 14:11:48', '2023-02-24 14:11:48', 'Inherit', 'Inherit', 'payment.gif', 'payment', 1, 1, 1, '94ce5e69ce5ba75d3064080dbe1c5ece07f2f971', 'Uploads/payment.gif', NULL),
(10, 5, 2, 1, 0, 1, 1, 1, 'SilverStripe\\Assets\\Image', '2023-02-24 14:11:50', '2023-02-24 14:11:48', 'Inherit', 'Inherit', 'payment.gif', 'payment', 1, 1, 1, '94ce5e69ce5ba75d3064080dbe1c5ece07f2f971', 'Uploads/payment.gif', NULL),
(11, 6, 1, 0, 0, 1, 1, 0, 'SilverStripe\\Assets\\Image', '2023-02-24 14:19:55', '2023-02-24 14:19:55', 'Inherit', 'Inherit', 'meetup-image.jpg', 'meetup image', 1, 1, 1, 'be71875cbcd805e8c11a9533054083bbd3ddaaec', 'Uploads/meetup-image.jpg', NULL),
(12, 6, 2, 1, 0, 1, 1, 1, 'SilverStripe\\Assets\\Image', '2023-02-24 14:19:57', '2023-02-24 14:19:55', 'Inherit', 'Inherit', 'meetup-image.jpg', 'meetup image', 1, 1, 1, 'be71875cbcd805e8c11a9533054083bbd3ddaaec', 'Uploads/meetup-image.jpg', NULL),
(13, 7, 1, 0, 0, 1, 1, 0, 'SilverStripe\\Assets\\Image', '2023-02-24 14:29:58', '2023-02-24 14:29:58', 'Inherit', 'Inherit', 'nzmade-accept-bitcoin.jpg', 'nzmade accept bitcoin', 1, 1, 1, 'e2ee8974cf49af70c14cff11aca20c56ec0bce71', 'Uploads/nzmade-accept-bitcoin.jpg', NULL),
(14, 7, 2, 1, 0, 1, 1, 1, 'SilverStripe\\Assets\\Image', '2023-02-24 14:29:59', '2023-02-24 14:29:58', 'Inherit', 'Inherit', 'nzmade-accept-bitcoin.jpg', 'nzmade accept bitcoin', 1, 1, 1, 'e2ee8974cf49af70c14cff11aca20c56ec0bce71', 'Uploads/nzmade-accept-bitcoin.jpg', NULL),
(15, 8, 1, 0, 0, 1, 1, 0, 'SilverStripe\\Assets\\Image', '2023-02-24 16:01:00', '2023-02-24 16:01:00', 'Inherit', 'Inherit', 'contact-image.jpg', 'contact image', 1, 1, 1, 'c0098d9c28215cdbf8bcbb61fc99c662693b91fb', 'Uploads/contact-image.jpg', NULL),
(16, 8, 2, 1, 0, 1, 1, 1, 'SilverStripe\\Assets\\Image', '2023-02-24 16:01:01', '2023-02-24 16:01:00', 'Inherit', 'Inherit', 'contact-image.jpg', 'contact image', 1, 1, 1, 'c0098d9c28215cdbf8bcbb61fc99c662693b91fb', 'Uploads/contact-image.jpg', NULL);

-- --------------------------------------------------------

--
-- Table structure for table `File_ViewerGroups`
--

CREATE TABLE `File_ViewerGroups` (
  `ID` int(11) NOT NULL,
  `FileID` int(11) NOT NULL DEFAULT '0',
  `GroupID` int(11) NOT NULL DEFAULT '0'
) ENGINE=InnoDB DEFAULT CHARSET=latin1;

-- --------------------------------------------------------

--
-- Table structure for table `Group`
--

CREATE TABLE `Group` (
  `ID` int(11) NOT NULL,
  `ClassName` enum('SilverStripe\\Security\\Group') CHARACTER SET utf8mb4 COLLATE utf8mb4_unicode_ci DEFAULT 'SilverStripe\\Security\\Group',
  `LastEdited` datetime DEFAULT NULL,
  `Created` datetime DEFAULT NULL,
  `Title` varchar(255) CHARACTER SET utf8mb4 COLLATE utf8mb4_unicode_ci DEFAULT NULL,
  `Description` mediumtext CHARACTER SET utf8mb4 COLLATE utf8mb4_unicode_ci,
  `Code` varchar(255) CHARACTER SET utf8mb4 COLLATE utf8mb4_unicode_ci DEFAULT NULL,
  `Locked` tinyint(1) UNSIGNED NOT NULL DEFAULT '0',
  `Sort` int(11) NOT NULL DEFAULT '0',
  `HtmlEditorConfig` mediumtext CHARACTER SET utf8mb4 COLLATE utf8mb4_unicode_ci,
  `ParentID` int(11) NOT NULL DEFAULT '0'
) ENGINE=InnoDB DEFAULT CHARSET=latin1;

--
-- Dumping data for table `Group`
--

INSERT INTO `Group` (`ID`, `ClassName`, `LastEdited`, `Created`, `Title`, `Description`, `Code`, `Locked`, `Sort`, `HtmlEditorConfig`, `ParentID`) VALUES
(1, 'SilverStripe\\Security\\Group', '2023-02-21 14:52:25', '2023-02-21 14:52:25', 'Content Authors', NULL, 'content-authors', 0, 1, NULL, 0),
(2, 'SilverStripe\\Security\\Group', '2023-02-21 14:52:25', '2023-02-21 14:52:25', 'Administrators', NULL, 'administrators', 0, 0, NULL, 0);

-- --------------------------------------------------------

--
-- Table structure for table `Group_Members`
--

CREATE TABLE `Group_Members` (
  `ID` int(11) NOT NULL,
  `GroupID` int(11) NOT NULL DEFAULT '0',
  `MemberID` int(11) NOT NULL DEFAULT '0'
) ENGINE=InnoDB DEFAULT CHARSET=latin1;

--
-- Dumping data for table `Group_Members`
--

INSERT INTO `Group_Members` (`ID`, `GroupID`, `MemberID`) VALUES
(1, 2, 1);

-- --------------------------------------------------------

--
-- Table structure for table `Group_Roles`
--

CREATE TABLE `Group_Roles` (
  `ID` int(11) NOT NULL,
  `GroupID` int(11) NOT NULL DEFAULT '0',
  `PermissionRoleID` int(11) NOT NULL DEFAULT '0'
) ENGINE=InnoDB DEFAULT CHARSET=latin1;

-- --------------------------------------------------------

--
-- Table structure for table `HeroBannerElement`
--

CREATE TABLE `HeroBannerElement` (
  `ID` int(11) NOT NULL,
  `Text` mediumtext CHARACTER SET utf8mb4 COLLATE utf8mb4_unicode_ci,
  `ImageID` int(11) NOT NULL DEFAULT '0',
  `MenuTitle` varchar(255) CHARACTER SET utf8mb4 COLLATE utf8mb4_unicode_ci DEFAULT NULL
) ENGINE=InnoDB DEFAULT CHARSET=latin1;

--
-- Dumping data for table `HeroBannerElement`
--

INSERT INTO `HeroBannerElement` (`ID`, `Text`, `ImageID`, `MenuTitle`) VALUES
(2, '<div class=\"hero-text-block\">Our goal is to promote a better understanding of Bitcoin, how it works, and why it is important for Kiwis. This website is a platform for Bitcoin-focused education, resources, and events.<br><br>Our vision is to grow a community of Kiwis Bitcoiners and a thriving circular economy through the adoption of Bitcoin as the monetary standard.<br><br>As a small and highly digital country, we think that New Zealand can become a global leader in the adoption of Bitcoin technology.</div><p>&nbsp;</p>', 3, 'Home');

-- --------------------------------------------------------

--
-- Table structure for table `HeroBannerElement_Live`
--

CREATE TABLE `HeroBannerElement_Live` (
  `ID` int(11) NOT NULL,
  `Text` mediumtext CHARACTER SET utf8mb4 COLLATE utf8mb4_unicode_ci,
  `ImageID` int(11) NOT NULL DEFAULT '0',
  `MenuTitle` varchar(255) CHARACTER SET utf8mb4 COLLATE utf8mb4_unicode_ci DEFAULT NULL
) ENGINE=InnoDB DEFAULT CHARSET=latin1;

--
-- Dumping data for table `HeroBannerElement_Live`
--

INSERT INTO `HeroBannerElement_Live` (`ID`, `Text`, `ImageID`, `MenuTitle`) VALUES
(2, '<div class=\"hero-text-block\">Our goal is to promote a better understanding of Bitcoin, how it works, and why it is important for Kiwis. This website is a platform for Bitcoin-focused education, resources, and events.<br><br>Our vision is to grow a community of Kiwis Bitcoiners and a thriving circular economy through the adoption of Bitcoin as the monetary standard.<br><br>As a small and highly digital country, we think that New Zealand can become a global leader in the adoption of Bitcoin technology.</div><p>&nbsp;</p>', 3, 'Home');

-- --------------------------------------------------------

--
-- Table structure for table `HeroBannerElement_Versions`
--

CREATE TABLE `HeroBannerElement_Versions` (
  `ID` int(11) NOT NULL,
  `RecordID` int(11) NOT NULL DEFAULT '0',
  `Version` int(11) NOT NULL DEFAULT '0',
  `Text` mediumtext CHARACTER SET utf8mb4 COLLATE utf8mb4_unicode_ci,
  `ImageID` int(11) NOT NULL DEFAULT '0',
  `MenuTitle` varchar(255) CHARACTER SET utf8mb4 COLLATE utf8mb4_unicode_ci DEFAULT NULL
) ENGINE=InnoDB DEFAULT CHARSET=latin1;

--
-- Dumping data for table `HeroBannerElement_Versions`
--

INSERT INTO `HeroBannerElement_Versions` (`ID`, `RecordID`, `Version`, `Text`, `ImageID`, `MenuTitle`) VALUES
(1, 2, 1, NULL, 0, NULL),
(2, 2, 2, NULL, 3, NULL),
(3, 2, 3, NULL, 3, NULL),
(4, 2, 4, NULL, 3, NULL),
(5, 2, 5, NULL, 3, NULL),
(6, 2, 6, '<div class=\"hero-text-block\">Our goal is to promote a better understanding of Bitcoin, how it works, and why it is important for Kiwis. This website is a platform for Bitcoin-focused education, resources, and events.<br><br>Our vision is to grow a community of Kiwis Bitcoiners and a thriving circular economy through the adoption of Bitcoin as the monetary standard.<br><br>As a small and highly digital country, we think that New Zealand can become a global leader in the adoption of Bitcoin technology.</div><div class=\"hero-link-text\">What is Bitcoin?</div><div class=\"hero-link-text\">Join Community Telegram Group</div><p>&nbsp;</p>', 3, NULL),
(7, 2, 7, '<div class=\"hero-text-block\">Our goal is to promote a better understanding of Bitcoin, how it works, and why it is important for Kiwis. This website is a platform for Bitcoin-focused education, resources, and events.<br><br>Our vision is to grow a community of Kiwis Bitcoiners and a thriving circular economy through the adoption of Bitcoin as the monetary standard.<br><br>As a small and highly digital country, we think that New Zealand can become a global leader in the adoption of Bitcoin technology.</div><div class=\"hero-link-text\">What is Bitcoin?</div><div class=\"hero-link-text\">Join Community Telegram Group</div><p>&nbsp;</p>', 3, NULL),
(8, 2, 8, '<div class=\"hero-text-block\">Our goal is to promote a better understanding of Bitcoin, how it works, and why it is important for Kiwis. This website is a platform for Bitcoin-focused education, resources, and events.<br><br>Our vision is to grow a community of Kiwis Bitcoiners and a thriving circular economy through the adoption of Bitcoin as the monetary standard.<br><br>As a small and highly digital country, we think that New Zealand can become a global leader in the adoption of Bitcoin technology.</div><p>&nbsp;</p>', 3, NULL),
(9, 2, 9, '<div class=\"hero-text-block\">Our goal is to promote a better understanding of Bitcoin, how it works, and why it is important for Kiwis. This website is a platform for Bitcoin-focused education, resources, and events.<br><br>Our vision is to grow a community of Kiwis Bitcoiners and a thriving circular economy through the adoption of Bitcoin as the monetary standard.<br><br>As a small and highly digital country, we think that New Zealand can become a global leader in the adoption of Bitcoin technology.</div><p>&nbsp;</p>', 3, NULL),
(10, 2, 10, '<div class=\"hero-text-block\">Our goal is to promote a better understanding of Bitcoin, how it works, and why it is important for Kiwis. This website is a platform for Bitcoin-focused education, resources, and events.<br><br>Our vision is to grow a community of Kiwis Bitcoiners and a thriving circular economy through the adoption of Bitcoin as the monetary standard.<br><br>As a small and highly digital country, we think that New Zealand can become a global leader in the adoption of Bitcoin technology.</div><p>&nbsp;</p>', 3, NULL),
(11, 2, 11, '<div class=\"hero-text-block\">Our goal is to promote a better understanding of Bitcoin, how it works, and why it is important for Kiwis. This website is a platform for Bitcoin-focused education, resources, and events.<br><br>Our vision is to grow a community of Kiwis Bitcoiners and a thriving circular economy through the adoption of Bitcoin as the monetary standard.<br><br>As a small and highly digital country, we think that New Zealand can become a global leader in the adoption of Bitcoin technology.</div><p>&nbsp;</p>', 3, NULL),
(12, 2, 12, '<div class=\"hero-text-block\">Our goal is to promote a better understanding of Bitcoin, how it works, and why it is important for Kiwis. This website is a platform for Bitcoin-focused education, resources, and events.<br><br>Our vision is to grow a community of Kiwis Bitcoiners and a thriving circular economy through the adoption of Bitcoin as the monetary standard.<br><br>As a small and highly digital country, we think that New Zealand can become a global leader in the adoption of Bitcoin technology.</div><p>&nbsp;</p>', 3, NULL),
(13, 2, 13, '<div class=\"hero-text-block\">Our goal is to promote a better understanding of Bitcoin, how it works, and why it is important for Kiwis. This website is a platform for Bitcoin-focused education, resources, and events.<br><br>Our vision is to grow a community of Kiwis Bitcoiners and a thriving circular economy through the adoption of Bitcoin as the monetary standard.<br><br>As a small and highly digital country, we think that New Zealand can become a global leader in the adoption of Bitcoin technology.</div><p>&nbsp;</p>', 3, NULL),
(14, 2, 14, '<div class=\"hero-text-block\">Our goal is to promote a better understanding of Bitcoin, how it works, and why it is important for Kiwis. This website is a platform for Bitcoin-focused education, resources, and events.<br><br>Our vision is to grow a community of Kiwis Bitcoiners and a thriving circular economy through the adoption of Bitcoin as the monetary standard.<br><br>As a small and highly digital country, we think that New Zealand can become a global leader in the adoption of Bitcoin technology.</div><p>&nbsp;</p>', 3, 'Home'),
(15, 2, 15, '<div class=\"hero-text-block\">Our goal is to promote a better understanding of Bitcoin, how it works, and why it is important for Kiwis. This website is a platform for Bitcoin-focused education, resources, and events.<br><br>Our vision is to grow a community of Kiwis Bitcoiners and a thriving circular economy through the adoption of Bitcoin as the monetary standard.<br><br>As a small and highly digital country, we think that New Zealand can become a global leader in the adoption of Bitcoin technology.</div><p>&nbsp;</p>', 3, 'Home'),
(16, 2, 16, '<div class=\"hero-text-block\">Our goal is to promote a better understanding of Bitcoin, how it works, and why it is important for Kiwis. This website is a platform for Bitcoin-focused education, resources, and events.<br><br>Our vision is to grow a community of Kiwis Bitcoiners and a thriving circular economy through the adoption of Bitcoin as the monetary standard.<br><br>As a small and highly digital country, we think that New Zealand can become a global leader in the adoption of Bitcoin technology.</div><p>&nbsp;</p>', 3, NULL),
(17, 2, 17, '<div class=\"hero-text-block\">Our goal is to promote a better understanding of Bitcoin, how it works, and why it is important for Kiwis. This website is a platform for Bitcoin-focused education, resources, and events.<br><br>Our vision is to grow a community of Kiwis Bitcoiners and a thriving circular economy through the adoption of Bitcoin as the monetary standard.<br><br>As a small and highly digital country, we think that New Zealand can become a global leader in the adoption of Bitcoin technology.</div><p>&nbsp;</p>', 3, NULL);

-- --------------------------------------------------------

--
-- Table structure for table `LoginAttempt`
--

CREATE TABLE `LoginAttempt` (
  `ID` int(11) NOT NULL,
  `ClassName` enum('SilverStripe\\Security\\LoginAttempt') CHARACTER SET utf8mb4 COLLATE utf8mb4_unicode_ci DEFAULT 'SilverStripe\\Security\\LoginAttempt',
  `LastEdited` datetime DEFAULT NULL,
  `Created` datetime DEFAULT NULL,
  `Email` varchar(255) CHARACTER SET utf8mb4 COLLATE utf8mb4_unicode_ci DEFAULT NULL,
  `EmailHashed` varchar(255) CHARACTER SET utf8mb4 COLLATE utf8mb4_unicode_ci DEFAULT NULL,
  `Status` enum('Success','Failure') CHARACTER SET utf8mb4 COLLATE utf8mb4_unicode_ci DEFAULT 'Success',
  `IP` varchar(255) CHARACTER SET utf8mb4 COLLATE utf8mb4_unicode_ci DEFAULT NULL,
  `MemberID` int(11) NOT NULL DEFAULT '0'
) ENGINE=InnoDB DEFAULT CHARSET=latin1;

--
-- Dumping data for table `LoginAttempt`
--

INSERT INTO `LoginAttempt` (`ID`, `ClassName`, `LastEdited`, `Created`, `Email`, `EmailHashed`, `Status`, `IP`, `MemberID`) VALUES
(1, 'SilverStripe\\Security\\LoginAttempt', '2023-02-21 14:56:33', '2023-02-21 14:56:33', NULL, 'd033e22ae348aeb5660fc2140aec35850c4da997', 'Success', '::1', 1),
(2, 'SilverStripe\\Security\\LoginAttempt', '2023-02-24 15:59:23', '2023-02-24 15:59:23', NULL, 'd033e22ae348aeb5660fc2140aec35850c4da997', 'Success', '::1', 1);

-- --------------------------------------------------------

--
-- Table structure for table `LoginSession`
--

CREATE TABLE `LoginSession` (
  `ID` int(11) NOT NULL,
  `ClassName` enum('SilverStripe\\SessionManager\\Models\\LoginSession') CHARACTER SET utf8mb4 COLLATE utf8mb4_unicode_ci DEFAULT 'SilverStripe\\SessionManager\\Models\\LoginSession',
  `LastEdited` datetime DEFAULT NULL,
  `Created` datetime DEFAULT NULL,
  `LastAccessed` datetime DEFAULT NULL,
  `IPAddress` varchar(45) CHARACTER SET utf8mb4 COLLATE utf8mb4_unicode_ci DEFAULT NULL,
  `UserAgent` mediumtext CHARACTER SET utf8mb4 COLLATE utf8mb4_unicode_ci,
  `Persistent` tinyint(1) UNSIGNED NOT NULL DEFAULT '0',
  `MemberID` int(11) NOT NULL DEFAULT '0'
) ENGINE=InnoDB DEFAULT CHARSET=latin1;

--
-- Dumping data for table `LoginSession`
--

INSERT INTO `LoginSession` (`ID`, `ClassName`, `LastEdited`, `Created`, `LastAccessed`, `IPAddress`, `UserAgent`, `Persistent`, `MemberID`) VALUES
(2, 'SilverStripe\\SessionManager\\Models\\LoginSession', '2023-02-24 16:04:29', '2023-02-24 15:59:23', '2023-02-24 16:04:29', '::1', 'Mozilla/5.0 (X11; Linux x86_64) AppleWebKit/537.36 (KHTML, like Gecko) Chrome/109.0.0.0 Safari/537.36', 1, 1);

-- --------------------------------------------------------

--
-- Table structure for table `Member`
--

CREATE TABLE `Member` (
  `ID` int(11) NOT NULL,
  `ClassName` enum('SilverStripe\\Security\\Member') CHARACTER SET utf8mb4 COLLATE utf8mb4_unicode_ci DEFAULT 'SilverStripe\\Security\\Member',
  `LastEdited` datetime DEFAULT NULL,
  `Created` datetime DEFAULT NULL,
  `FirstName` varchar(255) CHARACTER SET utf8mb4 COLLATE utf8mb4_unicode_ci DEFAULT NULL,
  `Surname` varchar(255) CHARACTER SET utf8mb4 COLLATE utf8mb4_unicode_ci DEFAULT NULL,
  `Email` varchar(254) CHARACTER SET utf8mb4 COLLATE utf8mb4_unicode_ci DEFAULT NULL,
  `TempIDHash` varchar(160) CHARACTER SET utf8mb4 COLLATE utf8mb4_unicode_ci DEFAULT NULL,
  `TempIDExpired` datetime DEFAULT NULL,
  `Password` varchar(160) CHARACTER SET utf8mb4 COLLATE utf8mb4_unicode_ci DEFAULT NULL,
  `AutoLoginHash` varchar(160) CHARACTER SET utf8mb4 COLLATE utf8mb4_unicode_ci DEFAULT NULL,
  `AutoLoginExpired` datetime DEFAULT NULL,
  `PasswordEncryption` varchar(50) CHARACTER SET utf8mb4 COLLATE utf8mb4_unicode_ci DEFAULT NULL,
  `Salt` varchar(50) CHARACTER SET utf8mb4 COLLATE utf8mb4_unicode_ci DEFAULT NULL,
  `PasswordExpiry` date DEFAULT NULL,
  `LockedOutUntil` datetime DEFAULT NULL,
  `Locale` varchar(6) CHARACTER SET utf8mb4 COLLATE utf8mb4_unicode_ci DEFAULT NULL,
  `FailedLoginCount` int(11) NOT NULL DEFAULT '0'
) ENGINE=InnoDB DEFAULT CHARSET=latin1;

--
-- Dumping data for table `Member`
--

INSERT INTO `Member` (`ID`, `ClassName`, `LastEdited`, `Created`, `FirstName`, `Surname`, `Email`, `TempIDHash`, `TempIDExpired`, `Password`, `AutoLoginHash`, `AutoLoginExpired`, `PasswordEncryption`, `Salt`, `PasswordExpiry`, `LockedOutUntil`, `Locale`, `FailedLoginCount`) VALUES
(1, 'SilverStripe\\Security\\Member', '2023-02-24 15:59:23', '2023-02-21 14:52:25', 'Default Admin', NULL, 'admin', '9dd1dc11e60d764e3627b81260aab58dec4ceabb', '2023-02-27 15:59:23', '$2y$10$abe3abc93d1a68a1eb1b7eWEztlsmSufhyi4jje/EtWQjue8sA1cS', NULL, NULL, 'blowfish', '10$abe3abc93d1a68a1eb1b7e', NULL, NULL, 'en_US', 0);

-- --------------------------------------------------------

--
-- Table structure for table `MemberPassword`
--

CREATE TABLE `MemberPassword` (
  `ID` int(11) NOT NULL,
  `ClassName` enum('SilverStripe\\Security\\MemberPassword') CHARACTER SET utf8mb4 COLLATE utf8mb4_unicode_ci DEFAULT 'SilverStripe\\Security\\MemberPassword',
  `LastEdited` datetime DEFAULT NULL,
  `Created` datetime DEFAULT NULL,
  `Password` varchar(160) CHARACTER SET utf8mb4 COLLATE utf8mb4_unicode_ci DEFAULT NULL,
  `Salt` varchar(50) CHARACTER SET utf8mb4 COLLATE utf8mb4_unicode_ci DEFAULT NULL,
  `PasswordEncryption` varchar(50) CHARACTER SET utf8mb4 COLLATE utf8mb4_unicode_ci DEFAULT NULL,
  `MemberID` int(11) NOT NULL DEFAULT '0'
) ENGINE=InnoDB DEFAULT CHARSET=latin1;

--
-- Dumping data for table `MemberPassword`
--

INSERT INTO `MemberPassword` (`ID`, `ClassName`, `LastEdited`, `Created`, `Password`, `Salt`, `PasswordEncryption`, `MemberID`) VALUES
(1, 'SilverStripe\\Security\\MemberPassword', '2023-02-21 14:52:25', '2023-02-21 14:52:25', '$2y$10$abe3abc93d1a68a1eb1b7eWEztlsmSufhyi4jje/EtWQjue8sA1cS', '10$abe3abc93d1a68a1eb1b7e', 'blowfish', 1);

-- --------------------------------------------------------

--
-- Table structure for table `Permission`
--

CREATE TABLE `Permission` (
  `ID` int(11) NOT NULL,
  `ClassName` enum('SilverStripe\\Security\\Permission') CHARACTER SET utf8mb4 COLLATE utf8mb4_unicode_ci DEFAULT 'SilverStripe\\Security\\Permission',
  `LastEdited` datetime DEFAULT NULL,
  `Created` datetime DEFAULT NULL,
  `Code` varchar(255) CHARACTER SET utf8mb4 COLLATE utf8mb4_unicode_ci DEFAULT NULL,
  `Arg` int(11) NOT NULL DEFAULT '0',
  `Type` int(11) NOT NULL DEFAULT '1',
  `GroupID` int(11) NOT NULL DEFAULT '0'
) ENGINE=InnoDB DEFAULT CHARSET=latin1;

--
-- Dumping data for table `Permission`
--

INSERT INTO `Permission` (`ID`, `ClassName`, `LastEdited`, `Created`, `Code`, `Arg`, `Type`, `GroupID`) VALUES
(1, 'SilverStripe\\Security\\Permission', '2023-02-21 14:52:25', '2023-02-21 14:52:25', 'CMS_ACCESS_CMSMain', 0, 1, 1),
(2, 'SilverStripe\\Security\\Permission', '2023-02-21 14:52:25', '2023-02-21 14:52:25', 'CMS_ACCESS_AssetAdmin', 0, 1, 1),
(3, 'SilverStripe\\Security\\Permission', '2023-02-21 14:52:25', '2023-02-21 14:52:25', 'CMS_ACCESS_ReportAdmin', 0, 1, 1),
(4, 'SilverStripe\\Security\\Permission', '2023-02-21 14:52:25', '2023-02-21 14:52:25', 'SITETREE_REORGANISE', 0, 1, 1),
(5, 'SilverStripe\\Security\\Permission', '2023-02-21 14:52:25', '2023-02-21 14:52:25', 'ADMIN', 0, 1, 2);

-- --------------------------------------------------------

--
-- Table structure for table `PermissionRole`
--

CREATE TABLE `PermissionRole` (
  `ID` int(11) NOT NULL,
  `ClassName` enum('SilverStripe\\Security\\PermissionRole') CHARACTER SET utf8mb4 COLLATE utf8mb4_unicode_ci DEFAULT 'SilverStripe\\Security\\PermissionRole',
  `LastEdited` datetime DEFAULT NULL,
  `Created` datetime DEFAULT NULL,
  `Title` varchar(255) CHARACTER SET utf8mb4 COLLATE utf8mb4_unicode_ci DEFAULT NULL,
  `OnlyAdminCanApply` tinyint(1) UNSIGNED NOT NULL DEFAULT '0'
) ENGINE=InnoDB DEFAULT CHARSET=latin1;

-- --------------------------------------------------------

--
-- Table structure for table `PermissionRoleCode`
--

CREATE TABLE `PermissionRoleCode` (
  `ID` int(11) NOT NULL,
  `ClassName` enum('SilverStripe\\Security\\PermissionRoleCode') CHARACTER SET utf8mb4 COLLATE utf8mb4_unicode_ci DEFAULT 'SilverStripe\\Security\\PermissionRoleCode',
  `LastEdited` datetime DEFAULT NULL,
  `Created` datetime DEFAULT NULL,
  `Code` varchar(255) CHARACTER SET utf8mb4 COLLATE utf8mb4_unicode_ci DEFAULT NULL,
  `RoleID` int(11) NOT NULL DEFAULT '0'
) ENGINE=InnoDB DEFAULT CHARSET=latin1;

-- --------------------------------------------------------

--
-- Table structure for table `Project`
--

CREATE TABLE `Project` (
  `ID` int(11) NOT NULL,
  `ClassName` enum('Project') CHARACTER SET utf8mb4 COLLATE utf8mb4_unicode_ci DEFAULT 'Project',
  `LastEdited` datetime DEFAULT NULL,
  `Created` datetime DEFAULT NULL,
  `Title` varchar(255) CHARACTER SET utf8mb4 COLLATE utf8mb4_unicode_ci DEFAULT NULL,
  `Text` varchar(255) CHARACTER SET utf8mb4 COLLATE utf8mb4_unicode_ci DEFAULT NULL,
  `Link` mediumtext CHARACTER SET utf8mb4 COLLATE utf8mb4_unicode_ci,
  `ImageID` int(11) NOT NULL DEFAULT '0'
) ENGINE=InnoDB DEFAULT CHARSET=latin1;

--
-- Dumping data for table `Project`
--

INSERT INTO `Project` (`ID`, `ClassName`, `LastEdited`, `Created`, `Title`, `Text`, `Link`, `ImageID`) VALUES
(1, 'Project', '2023-02-24 14:29:59', '2023-02-24 14:29:59', 'AcceptBitcoin.NZ', 'Learn more about how to get up and running with Bitcoin in New Zealand.', 'https://acceptbitcoin.nz/', 7);

-- --------------------------------------------------------

--
-- Table structure for table `ProjectsListElement`
--

CREATE TABLE `ProjectsListElement` (
  `ID` int(11) NOT NULL,
  `Text` mediumtext CHARACTER SET utf8mb4 COLLATE utf8mb4_unicode_ci,
  `MenuTitle` varchar(255) CHARACTER SET utf8mb4 COLLATE utf8mb4_unicode_ci DEFAULT NULL
) ENGINE=InnoDB DEFAULT CHARSET=latin1;

--
-- Dumping data for table `ProjectsListElement`
--

INSERT INTO `ProjectsListElement` (`ID`, `Text`, `MenuTitle`) VALUES
(7, '<p><span>A collection of Bitcoin-related projects and websites Made in NZ!</span><br><br><span>Got a project that is ready for the public and want to share?&nbsp;</span><a href=\"mailto:hello@nzbitcoiners.org\">Get in touch.</a></p>', 'Made in NZ');

-- --------------------------------------------------------

--
-- Table structure for table `ProjectsListElement_Live`
--

CREATE TABLE `ProjectsListElement_Live` (
  `ID` int(11) NOT NULL,
  `Text` mediumtext CHARACTER SET utf8mb4 COLLATE utf8mb4_unicode_ci,
  `MenuTitle` varchar(255) CHARACTER SET utf8mb4 COLLATE utf8mb4_unicode_ci DEFAULT NULL
) ENGINE=InnoDB DEFAULT CHARSET=latin1;

--
-- Dumping data for table `ProjectsListElement_Live`
--

INSERT INTO `ProjectsListElement_Live` (`ID`, `Text`, `MenuTitle`) VALUES
(7, '<p><span>A collection of Bitcoin-related projects and websites Made in NZ!</span><br><br><span>Got a project that is ready for the public and want to share?&nbsp;</span><a href=\"mailto:hello@nzbitcoiners.org\">Get in touch.</a></p>', 'Made in NZ');

-- --------------------------------------------------------

--
-- Table structure for table `ProjectsListElement_Versions`
--

CREATE TABLE `ProjectsListElement_Versions` (
  `ID` int(11) NOT NULL,
  `RecordID` int(11) NOT NULL DEFAULT '0',
  `Version` int(11) NOT NULL DEFAULT '0',
  `Text` mediumtext CHARACTER SET utf8mb4 COLLATE utf8mb4_unicode_ci,
  `MenuTitle` varchar(255) CHARACTER SET utf8mb4 COLLATE utf8mb4_unicode_ci DEFAULT NULL
) ENGINE=InnoDB DEFAULT CHARSET=latin1;

--
-- Dumping data for table `ProjectsListElement_Versions`
--

INSERT INTO `ProjectsListElement_Versions` (`ID`, `RecordID`, `Version`, `Text`, `MenuTitle`) VALUES
(1, 7, 1, NULL, NULL),
(2, 7, 2, '<p><span>A collection of Bitcoin-related projects and websites Made in NZ!</span><br><br><span>Got a project that is ready for the public and want to share?&nbsp;</span><a href=\"mailto:hello@nzbitcoiners.org\">Get in touch.</a></p>', NULL),
(3, 7, 3, '<p><span>A collection of Bitcoin-related projects and websites Made in NZ!</span><br><br><span>Got a project that is ready for the public and want to share?&nbsp;</span><a href=\"mailto:hello@nzbitcoiners.org\">Get in touch.</a></p>', NULL),
(4, 7, 4, '<p><span>A collection of Bitcoin-related projects and websites Made in NZ!</span><br><br><span>Got a project that is ready for the public and want to share?&nbsp;</span><a href=\"mailto:hello@nzbitcoiners.org\">Get in touch.</a></p>', 'Made in NZ'),
(5, 7, 5, '<p><span>A collection of Bitcoin-related projects and websites Made in NZ!</span><br><br><span>Got a project that is ready for the public and want to share?&nbsp;</span><a href=\"mailto:hello@nzbitcoiners.org\">Get in touch.</a></p>', 'Made in NZ'),
(6, 7, 6, '<p><span>A collection of Bitcoin-related projects and websites Made in NZ!</span><br><br><span>Got a project that is ready for the public and want to share?&nbsp;</span><a href=\"mailto:hello@nzbitcoiners.org\">Get in touch.</a></p>', NULL),
(7, 7, 7, '<p><span>A collection of Bitcoin-related projects and websites Made in NZ!</span><br><br><span>Got a project that is ready for the public and want to share?&nbsp;</span><a href=\"mailto:hello@nzbitcoiners.org\">Get in touch.</a></p>', NULL);

-- --------------------------------------------------------

--
-- Table structure for table `RedirectorPage`
--

CREATE TABLE `RedirectorPage` (
  `ID` int(11) NOT NULL,
  `RedirectionType` enum('Internal','External','File') CHARACTER SET utf8mb4 COLLATE utf8mb4_unicode_ci DEFAULT 'Internal',
  `ExternalURL` varchar(2083) CHARACTER SET utf8mb4 COLLATE utf8mb4_unicode_ci DEFAULT NULL,
  `LinkToID` int(11) NOT NULL DEFAULT '0',
  `LinkToFileID` int(11) NOT NULL DEFAULT '0'
) ENGINE=InnoDB DEFAULT CHARSET=latin1;

-- --------------------------------------------------------

--
-- Table structure for table `RedirectorPage_Live`
--

CREATE TABLE `RedirectorPage_Live` (
  `ID` int(11) NOT NULL,
  `RedirectionType` enum('Internal','External','File') CHARACTER SET utf8mb4 COLLATE utf8mb4_unicode_ci DEFAULT 'Internal',
  `ExternalURL` varchar(2083) CHARACTER SET utf8mb4 COLLATE utf8mb4_unicode_ci DEFAULT NULL,
  `LinkToID` int(11) NOT NULL DEFAULT '0',
  `LinkToFileID` int(11) NOT NULL DEFAULT '0'
) ENGINE=InnoDB DEFAULT CHARSET=latin1;

-- --------------------------------------------------------

--
-- Table structure for table `RedirectorPage_Versions`
--

CREATE TABLE `RedirectorPage_Versions` (
  `ID` int(11) NOT NULL,
  `RecordID` int(11) NOT NULL DEFAULT '0',
  `Version` int(11) NOT NULL DEFAULT '0',
  `RedirectionType` enum('Internal','External','File') CHARACTER SET utf8mb4 COLLATE utf8mb4_unicode_ci DEFAULT 'Internal',
  `ExternalURL` varchar(2083) CHARACTER SET utf8mb4 COLLATE utf8mb4_unicode_ci DEFAULT NULL,
  `LinkToID` int(11) NOT NULL DEFAULT '0',
  `LinkToFileID` int(11) NOT NULL DEFAULT '0'
) ENGINE=InnoDB DEFAULT CHARSET=latin1;

-- --------------------------------------------------------

--
-- Table structure for table `RememberLoginHash`
--

CREATE TABLE `RememberLoginHash` (
  `ID` int(11) NOT NULL,
  `ClassName` enum('SilverStripe\\Security\\RememberLoginHash') CHARACTER SET utf8mb4 COLLATE utf8mb4_unicode_ci DEFAULT 'SilverStripe\\Security\\RememberLoginHash',
  `LastEdited` datetime DEFAULT NULL,
  `Created` datetime DEFAULT NULL,
  `DeviceID` varchar(40) CHARACTER SET utf8mb4 COLLATE utf8mb4_unicode_ci DEFAULT NULL,
  `Hash` varchar(160) CHARACTER SET utf8mb4 COLLATE utf8mb4_unicode_ci DEFAULT NULL,
  `ExpiryDate` datetime DEFAULT NULL,
  `LoginSessionID` int(11) NOT NULL DEFAULT '0',
  `MemberID` int(11) NOT NULL DEFAULT '0'
) ENGINE=InnoDB DEFAULT CHARSET=latin1;

--
-- Dumping data for table `RememberLoginHash`
--

INSERT INTO `RememberLoginHash` (`ID`, `ClassName`, `LastEdited`, `Created`, `DeviceID`, `Hash`, `ExpiryDate`, `LoginSessionID`, `MemberID`) VALUES
(2, 'SilverStripe\\Security\\RememberLoginHash', '2023-02-24 15:59:23', '2023-02-24 15:59:23', 'f4c22b254b17d920189a591b98bbcd5eafad768c', '$2y$10$abe3abc93d1a68a1eb1b7e9bkdxVVUFuNJRH.DchTXohKV.Xxn02O', '2023-03-26 15:59:23', 2, 1);

-- --------------------------------------------------------

--
-- Table structure for table `SiteConfig`
--

CREATE TABLE `SiteConfig` (
  `ID` int(11) NOT NULL,
  `ClassName` enum('SilverStripe\\SiteConfig\\SiteConfig') CHARACTER SET utf8mb4 COLLATE utf8mb4_unicode_ci DEFAULT 'SilverStripe\\SiteConfig\\SiteConfig',
  `LastEdited` datetime DEFAULT NULL,
  `Created` datetime DEFAULT NULL,
  `Title` varchar(255) CHARACTER SET utf8mb4 COLLATE utf8mb4_unicode_ci DEFAULT NULL,
  `Tagline` varchar(255) CHARACTER SET utf8mb4 COLLATE utf8mb4_unicode_ci DEFAULT NULL,
  `CanViewType` enum('Anyone','LoggedInUsers','OnlyTheseUsers') CHARACTER SET utf8mb4 COLLATE utf8mb4_unicode_ci DEFAULT 'Anyone',
  `CanEditType` enum('LoggedInUsers','OnlyTheseUsers') CHARACTER SET utf8mb4 COLLATE utf8mb4_unicode_ci DEFAULT 'LoggedInUsers',
  `CanCreateTopLevelType` enum('LoggedInUsers','OnlyTheseUsers') CHARACTER SET utf8mb4 COLLATE utf8mb4_unicode_ci DEFAULT 'LoggedInUsers',
  `FooterContent` mediumtext CHARACTER SET utf8mb4 COLLATE utf8mb4_unicode_ci,
  `LogoID` int(11) NOT NULL DEFAULT '0'
) ENGINE=InnoDB DEFAULT CHARSET=latin1;

--
-- Dumping data for table `SiteConfig`
--

INSERT INTO `SiteConfig` (`ID`, `ClassName`, `LastEdited`, `Created`, `Title`, `Tagline`, `CanViewType`, `CanEditType`, `CanCreateTopLevelType`, `FooterContent`, `LogoID`) VALUES
(1, 'SilverStripe\\SiteConfig\\SiteConfig', '2023-02-24 13:17:08', '2023-02-21 14:52:24', 'Your Site Name', 'your tagline here', 'Anyone', 'LoggedInUsers', 'LoggedInUsers', '<div class=\"footer-contact\">\n<div class=\"footer-contact-text\">For more information or to connect with us:<br> <a href=\"mailto:hello@nzbitcoiners.org\">hello@nzbitcoiners.org</a></div>\n<div class=\"footer-cta\">\n<div class=\"footer-link-text\">Join Community Telegram Group</div>\n</div>\n</div><div class=\"footer-byline\">This website is an Open-Source Community Collaboration. <br><a rel=\"noopener noreferrer\" href=\"https://github.com/codyellingham/nzbitcoiners.org\" target=\"_blank\">Propose changes via Github.<br></a><br>This website is licenced under <a href=\"https://creativecommons.org/licenses/by/4.0/\">Creative Commons Attribution 4.0 International (CC BY 4.0)</a>.</div>', 2);

-- --------------------------------------------------------

--
-- Table structure for table `SiteConfig_CreateTopLevelGroups`
--

CREATE TABLE `SiteConfig_CreateTopLevelGroups` (
  `ID` int(11) NOT NULL,
  `SiteConfigID` int(11) NOT NULL DEFAULT '0',
  `GroupID` int(11) NOT NULL DEFAULT '0'
) ENGINE=InnoDB DEFAULT CHARSET=latin1;

-- --------------------------------------------------------

--
-- Table structure for table `SiteConfig_EditorGroups`
--

CREATE TABLE `SiteConfig_EditorGroups` (
  `ID` int(11) NOT NULL,
  `SiteConfigID` int(11) NOT NULL DEFAULT '0',
  `GroupID` int(11) NOT NULL DEFAULT '0'
) ENGINE=InnoDB DEFAULT CHARSET=latin1;

-- --------------------------------------------------------

--
-- Table structure for table `SiteConfig_ViewerGroups`
--

CREATE TABLE `SiteConfig_ViewerGroups` (
  `ID` int(11) NOT NULL,
  `SiteConfigID` int(11) NOT NULL DEFAULT '0',
  `GroupID` int(11) NOT NULL DEFAULT '0'
) ENGINE=InnoDB DEFAULT CHARSET=latin1;

-- --------------------------------------------------------

--
-- Table structure for table `SiteTree`
--

CREATE TABLE `SiteTree` (
  `ID` int(11) NOT NULL,
  `ClassName` enum('SilverStripe\\CMS\\Model\\SiteTree','Page','ElementalPage','HomePage','SilverStripe\\ErrorPage\\ErrorPage','SilverStripe\\CMS\\Model\\RedirectorPage','SilverStripe\\CMS\\Model\\VirtualPage') CHARACTER SET utf8mb4 COLLATE utf8mb4_unicode_ci DEFAULT 'Page',
  `LastEdited` datetime DEFAULT NULL,
  `Created` datetime DEFAULT NULL,
  `CanViewType` enum('Anyone','LoggedInUsers','OnlyTheseUsers','Inherit') CHARACTER SET utf8mb4 COLLATE utf8mb4_unicode_ci DEFAULT 'Inherit',
  `CanEditType` enum('LoggedInUsers','OnlyTheseUsers','Inherit') CHARACTER SET utf8mb4 COLLATE utf8mb4_unicode_ci DEFAULT 'Inherit',
  `Version` int(11) NOT NULL DEFAULT '0',
  `URLSegment` varchar(255) CHARACTER SET utf8mb4 COLLATE utf8mb4_unicode_ci DEFAULT NULL,
  `Title` varchar(255) CHARACTER SET utf8mb4 COLLATE utf8mb4_unicode_ci DEFAULT NULL,
  `MenuTitle` varchar(100) CHARACTER SET utf8mb4 COLLATE utf8mb4_unicode_ci DEFAULT NULL,
  `Content` mediumtext CHARACTER SET utf8mb4 COLLATE utf8mb4_unicode_ci,
  `MetaDescription` mediumtext CHARACTER SET utf8mb4 COLLATE utf8mb4_unicode_ci,
  `ExtraMeta` mediumtext CHARACTER SET utf8mb4 COLLATE utf8mb4_unicode_ci,
  `ShowInMenus` tinyint(1) UNSIGNED NOT NULL DEFAULT '0',
  `ShowInSearch` tinyint(1) UNSIGNED NOT NULL DEFAULT '0',
  `Sort` int(11) NOT NULL DEFAULT '0',
  `HasBrokenFile` tinyint(1) UNSIGNED NOT NULL DEFAULT '0',
  `HasBrokenLink` tinyint(1) UNSIGNED NOT NULL DEFAULT '0',
  `ReportClass` varchar(255) CHARACTER SET utf8mb4 COLLATE utf8mb4_unicode_ci DEFAULT NULL,
  `ParentID` int(11) NOT NULL DEFAULT '0'
) ENGINE=InnoDB DEFAULT CHARSET=latin1;

--
-- Dumping data for table `SiteTree`
--

INSERT INTO `SiteTree` (`ID`, `ClassName`, `LastEdited`, `Created`, `CanViewType`, `CanEditType`, `Version`, `URLSegment`, `Title`, `MenuTitle`, `Content`, `MetaDescription`, `ExtraMeta`, `ShowInMenus`, `ShowInSearch`, `Sort`, `HasBrokenFile`, `HasBrokenLink`, `ReportClass`, `ParentID`) VALUES
(3, 'ElementalPage', '2023-02-24 16:01:01', '2023-02-21 14:52:25', 'Inherit', 'Inherit', 8, 'contact-us', 'Contact', NULL, '<div class=\"contact-rich-text w-richtext\">\n<p><strong>NZ Bitcoiners is about connecting Kiwis to Bitcoin. </strong><br><br>Please get in touch if you have a question or would like to know more and we will try and help you directly, or put you in touch with the right people or organisation.<br></p>\n<h3>For general info or media enquiries</h3>\n<p><a href=\"mailto:hello@nzbitcoiners.org\">hello@nzbitcoiners.org</a></p>\n<h3>Come to an event</h3>\n<p>There are regular Bitcoin events organised by different groups in New Zealand.</p>\n<p><a href=\"/#events\" class=\"ss-broken\">See event list</a></p>\n</div>', NULL, NULL, 1, 1, 4, 0, 1, NULL, 0),
(4, 'SilverStripe\\ErrorPage\\ErrorPage', '2023-02-21 14:52:25', '2023-02-21 14:52:25', 'Inherit', 'Inherit', 2, 'page-not-found', 'Page not found', NULL, '<p>Sorry, it seems you were trying to access a page that doesn\'t exist.</p><p>Please check the spelling of the URL you were trying to access and try again.</p>', NULL, NULL, 0, 0, 5, 0, 0, NULL, 0),
(5, 'SilverStripe\\ErrorPage\\ErrorPage', '2023-02-21 14:52:25', '2023-02-21 14:52:25', 'Inherit', 'Inherit', 2, 'server-error', 'Server error', NULL, '<p>Sorry, there was a problem with handling your request.</p>', NULL, NULL, 0, 0, 6, 0, 0, NULL, 0),
(6, 'ElementalPage', '2023-02-24 15:47:20', '2023-02-24 13:21:48', 'Inherit', 'Inherit', 5, 'home', 'Home', NULL, NULL, NULL, NULL, 1, 1, 2, 0, 0, NULL, 0);

-- --------------------------------------------------------

--
-- Table structure for table `SiteTreeLink`
--

CREATE TABLE `SiteTreeLink` (
  `ID` int(11) NOT NULL,
  `ClassName` enum('SilverStripe\\CMS\\Model\\SiteTreeLink') CHARACTER SET utf8mb4 COLLATE utf8mb4_unicode_ci DEFAULT 'SilverStripe\\CMS\\Model\\SiteTreeLink',
  `LastEdited` datetime DEFAULT NULL,
  `Created` datetime DEFAULT NULL,
  `LinkedID` int(11) NOT NULL DEFAULT '0',
  `ParentID` int(11) NOT NULL DEFAULT '0',
  `ParentClass` enum('Event','Project','SilverStripe\\Assets\\File','SilverStripe\\SiteConfig\\SiteConfig','SilverStripe\\Versioned\\ChangeSet','SilverStripe\\Versioned\\ChangeSetItem','DNADesign\\Elemental\\Models\\BaseElement','DNADesign\\Elemental\\Models\\ElementalArea','SilverStripe\\Assets\\Shortcodes\\FileLink','SilverStripe\\CMS\\Model\\SiteTree','SilverStripe\\CMS\\Model\\SiteTreeLink','SilverStripe\\Security\\Group','SilverStripe\\Security\\LoginAttempt','SilverStripe\\Security\\Member','SilverStripe\\Security\\MemberPassword','SilverStripe\\Security\\Permission','SilverStripe\\Security\\PermissionRole','SilverStripe\\Security\\PermissionRoleCode','SilverStripe\\Security\\RememberLoginHash','SilverStripe\\SessionManager\\Models\\LoginSession','SilverStripe\\Assets\\Folder','SilverStripe\\Assets\\Image','ContactBarElement','EventsElement','HeroBannerElement','ProjectsListElement','TextLeftImageRightElement','DNADesign\\Elemental\\Models\\ElementContent','Page','ElementalPage','HomePage','SilverStripe\\ErrorPage\\ErrorPage','SilverStripe\\CMS\\Model\\RedirectorPage','SilverStripe\\CMS\\Model\\VirtualPage') CHARACTER SET utf8mb4 COLLATE utf8mb4_unicode_ci DEFAULT 'Event'
) ENGINE=InnoDB DEFAULT CHARSET=latin1;

-- --------------------------------------------------------

--
-- Table structure for table `SiteTree_EditorGroups`
--

CREATE TABLE `SiteTree_EditorGroups` (
  `ID` int(11) NOT NULL,
  `SiteTreeID` int(11) NOT NULL DEFAULT '0',
  `GroupID` int(11) NOT NULL DEFAULT '0'
) ENGINE=InnoDB DEFAULT CHARSET=latin1;

-- --------------------------------------------------------

--
-- Table structure for table `SiteTree_Live`
--

CREATE TABLE `SiteTree_Live` (
  `ID` int(11) NOT NULL,
  `ClassName` enum('SilverStripe\\CMS\\Model\\SiteTree','Page','ElementalPage','HomePage','SilverStripe\\ErrorPage\\ErrorPage','SilverStripe\\CMS\\Model\\RedirectorPage','SilverStripe\\CMS\\Model\\VirtualPage') CHARACTER SET utf8mb4 COLLATE utf8mb4_unicode_ci DEFAULT 'Page',
  `LastEdited` datetime DEFAULT NULL,
  `Created` datetime DEFAULT NULL,
  `CanViewType` enum('Anyone','LoggedInUsers','OnlyTheseUsers','Inherit') CHARACTER SET utf8mb4 COLLATE utf8mb4_unicode_ci DEFAULT 'Inherit',
  `CanEditType` enum('LoggedInUsers','OnlyTheseUsers','Inherit') CHARACTER SET utf8mb4 COLLATE utf8mb4_unicode_ci DEFAULT 'Inherit',
  `Version` int(11) NOT NULL DEFAULT '0',
  `URLSegment` varchar(255) CHARACTER SET utf8mb4 COLLATE utf8mb4_unicode_ci DEFAULT NULL,
  `Title` varchar(255) CHARACTER SET utf8mb4 COLLATE utf8mb4_unicode_ci DEFAULT NULL,
  `MenuTitle` varchar(100) CHARACTER SET utf8mb4 COLLATE utf8mb4_unicode_ci DEFAULT NULL,
  `Content` mediumtext CHARACTER SET utf8mb4 COLLATE utf8mb4_unicode_ci,
  `MetaDescription` mediumtext CHARACTER SET utf8mb4 COLLATE utf8mb4_unicode_ci,
  `ExtraMeta` mediumtext CHARACTER SET utf8mb4 COLLATE utf8mb4_unicode_ci,
  `ShowInMenus` tinyint(1) UNSIGNED NOT NULL DEFAULT '0',
  `ShowInSearch` tinyint(1) UNSIGNED NOT NULL DEFAULT '0',
  `Sort` int(11) NOT NULL DEFAULT '0',
  `HasBrokenFile` tinyint(1) UNSIGNED NOT NULL DEFAULT '0',
  `HasBrokenLink` tinyint(1) UNSIGNED NOT NULL DEFAULT '0',
  `ReportClass` varchar(255) CHARACTER SET utf8mb4 COLLATE utf8mb4_unicode_ci DEFAULT NULL,
  `ParentID` int(11) NOT NULL DEFAULT '0'
) ENGINE=InnoDB DEFAULT CHARSET=latin1;

--
-- Dumping data for table `SiteTree_Live`
--

INSERT INTO `SiteTree_Live` (`ID`, `ClassName`, `LastEdited`, `Created`, `CanViewType`, `CanEditType`, `Version`, `URLSegment`, `Title`, `MenuTitle`, `Content`, `MetaDescription`, `ExtraMeta`, `ShowInMenus`, `ShowInSearch`, `Sort`, `HasBrokenFile`, `HasBrokenLink`, `ReportClass`, `ParentID`) VALUES
(3, 'ElementalPage', '2023-02-24 15:59:38', '2023-02-21 14:52:25', 'Inherit', 'Inherit', 8, 'contact-us', 'Contact', NULL, '<div class=\"contact-rich-text w-richtext\">\n<p><strong>NZ Bitcoiners is about connecting Kiwis to Bitcoin. </strong><br><br>Please get in touch if you have a question or would like to know more and we will try and help you directly, or put you in touch with the right people or organisation.<br></p>\n<h3>For general info or media enquiries</h3>\n<p><a href=\"mailto:hello@nzbitcoiners.org\">hello@nzbitcoiners.org</a></p>\n<h3>Come to an event</h3>\n<p>There are regular Bitcoin events organised by different groups in New Zealand.</p>\n<p><a href=\"/#events\" class=\"ss-broken\">See event list</a></p>\n</div>', NULL, NULL, 1, 1, 4, 0, 1, NULL, 0),
(4, 'SilverStripe\\ErrorPage\\ErrorPage', '2023-02-21 14:52:25', '2023-02-21 14:52:25', 'Inherit', 'Inherit', 2, 'page-not-found', 'Page not found', NULL, '<p>Sorry, it seems you were trying to access a page that doesn\'t exist.</p><p>Please check the spelling of the URL you were trying to access and try again.</p>', NULL, NULL, 0, 0, 5, 0, 0, NULL, 0),
(5, 'SilverStripe\\ErrorPage\\ErrorPage', '2023-02-21 14:52:25', '2023-02-21 14:52:25', 'Inherit', 'Inherit', 2, 'server-error', 'Server error', NULL, '<p>Sorry, there was a problem with handling your request.</p>', NULL, NULL, 0, 0, 6, 0, 0, NULL, 0),
(6, 'ElementalPage', '2023-02-24 15:42:20', '2023-02-24 13:21:48', 'Inherit', 'Inherit', 5, 'home', 'Home', NULL, NULL, NULL, NULL, 1, 1, 2, 0, 0, NULL, 0);

-- --------------------------------------------------------

--
-- Table structure for table `SiteTree_Versions`
--

CREATE TABLE `SiteTree_Versions` (
  `ID` int(11) NOT NULL,
  `RecordID` int(11) NOT NULL DEFAULT '0',
  `Version` int(11) NOT NULL DEFAULT '0',
  `WasPublished` tinyint(1) UNSIGNED NOT NULL DEFAULT '0',
  `WasDeleted` tinyint(1) UNSIGNED NOT NULL DEFAULT '0',
  `WasDraft` tinyint(1) UNSIGNED NOT NULL DEFAULT '1',
  `AuthorID` int(11) NOT NULL DEFAULT '0',
  `PublisherID` int(11) NOT NULL DEFAULT '0',
  `ClassName` enum('SilverStripe\\CMS\\Model\\SiteTree','Page','ElementalPage','HomePage','SilverStripe\\ErrorPage\\ErrorPage','SilverStripe\\CMS\\Model\\RedirectorPage','SilverStripe\\CMS\\Model\\VirtualPage') CHARACTER SET utf8mb4 COLLATE utf8mb4_unicode_ci DEFAULT 'Page',
  `LastEdited` datetime DEFAULT NULL,
  `Created` datetime DEFAULT NULL,
  `CanViewType` enum('Anyone','LoggedInUsers','OnlyTheseUsers','Inherit') CHARACTER SET utf8mb4 COLLATE utf8mb4_unicode_ci DEFAULT 'Inherit',
  `CanEditType` enum('LoggedInUsers','OnlyTheseUsers','Inherit') CHARACTER SET utf8mb4 COLLATE utf8mb4_unicode_ci DEFAULT 'Inherit',
  `URLSegment` varchar(255) CHARACTER SET utf8mb4 COLLATE utf8mb4_unicode_ci DEFAULT NULL,
  `Title` varchar(255) CHARACTER SET utf8mb4 COLLATE utf8mb4_unicode_ci DEFAULT NULL,
  `MenuTitle` varchar(100) CHARACTER SET utf8mb4 COLLATE utf8mb4_unicode_ci DEFAULT NULL,
  `Content` mediumtext CHARACTER SET utf8mb4 COLLATE utf8mb4_unicode_ci,
  `MetaDescription` mediumtext CHARACTER SET utf8mb4 COLLATE utf8mb4_unicode_ci,
  `ExtraMeta` mediumtext CHARACTER SET utf8mb4 COLLATE utf8mb4_unicode_ci,
  `ShowInMenus` tinyint(1) UNSIGNED NOT NULL DEFAULT '0',
  `ShowInSearch` tinyint(1) UNSIGNED NOT NULL DEFAULT '0',
  `Sort` int(11) NOT NULL DEFAULT '0',
  `HasBrokenFile` tinyint(1) UNSIGNED NOT NULL DEFAULT '0',
  `HasBrokenLink` tinyint(1) UNSIGNED NOT NULL DEFAULT '0',
  `ReportClass` varchar(255) CHARACTER SET utf8mb4 COLLATE utf8mb4_unicode_ci DEFAULT NULL,
  `ParentID` int(11) NOT NULL DEFAULT '0'
) ENGINE=InnoDB DEFAULT CHARSET=latin1;

--
-- Dumping data for table `SiteTree_Versions`
--

INSERT INTO `SiteTree_Versions` (`ID`, `RecordID`, `Version`, `WasPublished`, `WasDeleted`, `WasDraft`, `AuthorID`, `PublisherID`, `ClassName`, `LastEdited`, `Created`, `CanViewType`, `CanEditType`, `URLSegment`, `Title`, `MenuTitle`, `Content`, `MetaDescription`, `ExtraMeta`, `ShowInMenus`, `ShowInSearch`, `Sort`, `HasBrokenFile`, `HasBrokenLink`, `ReportClass`, `ParentID`) VALUES
(1, 1, 1, 0, 0, 1, 0, 0, 'Page', '2023-02-21 14:52:24', '2023-02-21 14:52:24', 'Inherit', 'Inherit', 'home', 'Home', NULL, '<p>Welcome to SilverStripe! This is the default homepage. You can edit this page by opening <a href=\"admin/\">the CMS</a>.</p><p>You can now access the <a href=\"http://docs.silverstripe.org\">developer documentation</a>, or begin the <a href=\"http://www.silverstripe.org/learn/lessons\">SilverStripe lessons</a>.</p>', NULL, NULL, 1, 1, 1, 0, 0, NULL, 0),
(2, 1, 2, 1, 0, 1, 0, 0, 'Page', '2023-02-21 14:52:24', '2023-02-21 14:52:24', 'Inherit', 'Inherit', 'home', 'Home', NULL, '<p>Welcome to SilverStripe! This is the default homepage. You can edit this page by opening <a href=\"admin/\">the CMS</a>.</p><p>You can now access the <a href=\"http://docs.silverstripe.org\">developer documentation</a>, or begin the <a href=\"http://www.silverstripe.org/learn/lessons\">SilverStripe lessons</a>.</p>', NULL, NULL, 1, 1, 1, 0, 0, NULL, 0),
(3, 2, 1, 0, 0, 1, 0, 0, 'Page', '2023-02-21 14:52:24', '2023-02-21 14:52:24', 'Inherit', 'Inherit', 'about-us', 'About Us', NULL, '<p>You can fill this page out with your own content, or delete it and create your own pages.</p>', NULL, NULL, 1, 1, 2, 0, 0, NULL, 0),
(4, 2, 2, 1, 0, 1, 0, 0, 'Page', '2023-02-21 14:52:25', '2023-02-21 14:52:24', 'Inherit', 'Inherit', 'about-us', 'About Us', NULL, '<p>You can fill this page out with your own content, or delete it and create your own pages.</p>', NULL, NULL, 1, 1, 2, 0, 0, NULL, 0),
(5, 3, 1, 0, 0, 1, 0, 0, 'Page', '2023-02-21 14:52:25', '2023-02-21 14:52:25', 'Inherit', 'Inherit', 'contact-us', 'Contact Us', NULL, '<p>You can fill this page out with your own content, or delete it and create your own pages.</p>', NULL, NULL, 1, 1, 3, 0, 0, NULL, 0),
(6, 3, 2, 1, 0, 1, 0, 0, 'Page', '2023-02-21 14:52:25', '2023-02-21 14:52:25', 'Inherit', 'Inherit', 'contact-us', 'Contact Us', NULL, '<p>You can fill this page out with your own content, or delete it and create your own pages.</p>', NULL, NULL, 1, 1, 3, 0, 0, NULL, 0),
(7, 4, 1, 0, 0, 1, 0, 0, 'SilverStripe\\ErrorPage\\ErrorPage', '2023-02-21 14:52:25', '2023-02-21 14:52:25', 'Inherit', 'Inherit', 'page-not-found', 'Page not found', NULL, '<p>Sorry, it seems you were trying to access a page that doesn\'t exist.</p><p>Please check the spelling of the URL you were trying to access and try again.</p>', NULL, NULL, 0, 0, 4, 0, 0, NULL, 0),
(8, 4, 2, 1, 0, 1, 0, 0, 'SilverStripe\\ErrorPage\\ErrorPage', '2023-02-21 14:52:25', '2023-02-21 14:52:25', 'Inherit', 'Inherit', 'page-not-found', 'Page not found', NULL, '<p>Sorry, it seems you were trying to access a page that doesn\'t exist.</p><p>Please check the spelling of the URL you were trying to access and try again.</p>', NULL, NULL, 0, 0, 4, 0, 0, NULL, 0),
(9, 5, 1, 0, 0, 1, 0, 0, 'SilverStripe\\ErrorPage\\ErrorPage', '2023-02-21 14:52:25', '2023-02-21 14:52:25', 'Inherit', 'Inherit', 'server-error', 'Server error', NULL, '<p>Sorry, there was a problem with handling your request.</p>', NULL, NULL, 0, 0, 5, 0, 0, NULL, 0),
(10, 5, 2, 1, 0, 1, 0, 0, 'SilverStripe\\ErrorPage\\ErrorPage', '2023-02-21 14:52:25', '2023-02-21 14:52:25', 'Inherit', 'Inherit', 'server-error', 'Server error', NULL, '<p>Sorry, there was a problem with handling your request.</p>', NULL, NULL, 0, 0, 5, 0, 0, NULL, 0),
(11, 6, 1, 0, 0, 1, 1, 0, 'ElementalPage', '2023-02-24 13:21:48', '2023-02-24 13:21:48', 'Inherit', 'Inherit', 'new-elemental-page', 'New Elemental Page', NULL, NULL, NULL, NULL, 1, 1, 6, 0, 0, NULL, 0),
(12, 6, 2, 1, 0, 1, 1, 1, 'ElementalPage', '2023-02-24 13:21:51', '2023-02-24 13:21:48', 'Inherit', 'Inherit', 'new-elemental-page', 'New Elemental Page', NULL, NULL, NULL, NULL, 1, 1, 6, 0, 0, NULL, 0),
(13, 1, 3, 1, 1, 1, 1, 1, 'Page', '2023-02-24 15:42:08', '2023-02-21 14:52:24', 'Inherit', 'Inherit', 'home', 'Home', NULL, '<p>Welcome to SilverStripe! This is the default homepage. You can edit this page by opening <a href=\"admin/\">the CMS</a>.</p><p>You can now access the <a href=\"http://docs.silverstripe.org\">developer documentation</a>, or begin the <a href=\"http://www.silverstripe.org/learn/lessons\">SilverStripe lessons</a>.</p>', NULL, NULL, 1, 1, 1, 0, 0, NULL, 0),
(14, 6, 3, 0, 0, 1, 1, 0, 'ElementalPage', '2023-02-24 15:42:11', '2023-02-24 13:21:48', 'Inherit', 'Inherit', 'new-elemental-page', 'New Elemental Page', NULL, NULL, NULL, NULL, 1, 1, 2, 0, 0, NULL, 0),
(15, 6, 4, 0, 0, 1, 1, 0, 'ElementalPage', '2023-02-24 15:42:20', '2023-02-24 13:21:48', 'Inherit', 'Inherit', 'home', 'Home', NULL, NULL, NULL, NULL, 1, 1, 2, 0, 0, NULL, 0),
(16, 6, 5, 1, 0, 1, 1, 1, 'ElementalPage', '2023-02-24 15:42:20', '2023-02-24 13:21:48', 'Inherit', 'Inherit', 'home', 'Home', NULL, NULL, NULL, NULL, 1, 1, 2, 0, 0, NULL, 0),
(17, 2, 3, 1, 1, 1, 1, 1, 'Page', '2023-02-24 15:42:30', '2023-02-21 14:52:24', 'Inherit', 'Inherit', 'about-us', 'About Us', NULL, '<p>You can fill this page out with your own content, or delete it and create your own pages.</p>', NULL, NULL, 1, 1, 3, 0, 0, NULL, 0),
(18, 3, 3, 0, 0, 1, 1, 0, 'Page', '2023-02-24 15:42:37', '2023-02-21 14:52:25', 'Inherit', 'Inherit', 'contact-us', 'Contact', NULL, '<p>You can fill this page out with your own content, or delete it and create your own pages.</p>', NULL, NULL, 1, 1, 4, 0, 0, NULL, 0),
(19, 3, 4, 1, 0, 1, 1, 1, 'Page', '2023-02-24 15:42:37', '2023-02-21 14:52:25', 'Inherit', 'Inherit', 'contact-us', 'Contact', NULL, '<p>You can fill this page out with your own content, or delete it and create your own pages.</p>', NULL, NULL, 1, 1, 4, 0, 0, NULL, 0),
(20, 3, 5, 0, 0, 1, 1, 0, 'Page', '2023-02-24 15:42:59', '2023-02-21 14:52:25', 'Inherit', 'Inherit', 'contact-us', 'Contact', NULL, '<div class=\"contact-rich-text w-richtext\">\n<p><strong>NZ Bitcoiners is about connecting Kiwis to Bitcoin. </strong><br><br>Please get in touch if you have a question or would like to know more and we will try and help you directly, or put you in touch with the right people or organisation.<br></p>\n<h3>For general info or media enquiries</h3>\n<p><a href=\"mailto:hello@nzbitcoiners.org\">hello@nzbitcoiners.org</a></p>\n<h3>Come to an event</h3>\n<p>There are regular Bitcoin events organised by different groups in New Zealand.</p>\n<p><a href=\"/#events\" class=\"ss-broken\">See event list</a></p>\n</div>', NULL, NULL, 1, 1, 4, 0, 1, NULL, 0),
(21, 3, 6, 1, 0, 1, 1, 1, 'Page', '2023-02-24 15:42:59', '2023-02-21 14:52:25', 'Inherit', 'Inherit', 'contact-us', 'Contact', NULL, '<div class=\"contact-rich-text w-richtext\">\n<p><strong>NZ Bitcoiners is about connecting Kiwis to Bitcoin. </strong><br><br>Please get in touch if you have a question or would like to know more and we will try and help you directly, or put you in touch with the right people or organisation.<br></p>\n<h3>For general info or media enquiries</h3>\n<p><a href=\"mailto:hello@nzbitcoiners.org\">hello@nzbitcoiners.org</a></p>\n<h3>Come to an event</h3>\n<p>There are regular Bitcoin events organised by different groups in New Zealand.</p>\n<p><a href=\"/#events\" class=\"ss-broken\">See event list</a></p>\n</div>', NULL, NULL, 1, 1, 4, 0, 1, NULL, 0),
(22, 3, 7, 0, 0, 1, 1, 0, 'ElementalPage', '2023-02-24 15:59:38', '2023-02-21 14:52:25', 'Inherit', 'Inherit', 'contact-us', 'Contact', NULL, '<div class=\"contact-rich-text w-richtext\">\n<p><strong>NZ Bitcoiners is about connecting Kiwis to Bitcoin. </strong><br><br>Please get in touch if you have a question or would like to know more and we will try and help you directly, or put you in touch with the right people or organisation.<br></p>\n<h3>For general info or media enquiries</h3>\n<p><a href=\"mailto:hello@nzbitcoiners.org\">hello@nzbitcoiners.org</a></p>\n<h3>Come to an event</h3>\n<p>There are regular Bitcoin events organised by different groups in New Zealand.</p>\n<p><a href=\"/#events\" class=\"ss-broken\">See event list</a></p>\n</div>', NULL, NULL, 1, 1, 4, 0, 1, NULL, 0),
(23, 3, 8, 1, 0, 1, 1, 1, 'ElementalPage', '2023-02-24 15:59:38', '2023-02-21 14:52:25', 'Inherit', 'Inherit', 'contact-us', 'Contact', NULL, '<div class=\"contact-rich-text w-richtext\">\n<p><strong>NZ Bitcoiners is about connecting Kiwis to Bitcoin. </strong><br><br>Please get in touch if you have a question or would like to know more and we will try and help you directly, or put you in touch with the right people or organisation.<br></p>\n<h3>For general info or media enquiries</h3>\n<p><a href=\"mailto:hello@nzbitcoiners.org\">hello@nzbitcoiners.org</a></p>\n<h3>Come to an event</h3>\n<p>There are regular Bitcoin events organised by different groups in New Zealand.</p>\n<p><a href=\"/#events\" class=\"ss-broken\">See event list</a></p>\n</div>', NULL, NULL, 1, 1, 4, 0, 1, NULL, 0);

-- --------------------------------------------------------

--
-- Table structure for table `SiteTree_ViewerGroups`
--

CREATE TABLE `SiteTree_ViewerGroups` (
  `ID` int(11) NOT NULL,
  `SiteTreeID` int(11) NOT NULL DEFAULT '0',
  `GroupID` int(11) NOT NULL DEFAULT '0'
) ENGINE=InnoDB DEFAULT CHARSET=latin1;

-- --------------------------------------------------------

--
-- Table structure for table `TextLeftImageRightElement`
--

CREATE TABLE `TextLeftImageRightElement` (
  `ID` int(11) NOT NULL,
  `Text` mediumtext CHARACTER SET utf8mb4 COLLATE utf8mb4_unicode_ci,
  `ImageID` int(11) NOT NULL DEFAULT '0',
  `MenuTitle` varchar(255) CHARACTER SET utf8mb4 COLLATE utf8mb4_unicode_ci DEFAULT NULL
) ENGINE=InnoDB DEFAULT CHARSET=latin1;

--
-- Dumping data for table `TextLeftImageRightElement`
--

INSERT INTO `TextLeftImageRightElement` (`ID`, `Text`, `ImageID`, `MenuTitle`) VALUES
(4, '<h4 class=\"about-heading\">Bitcoin is a new kind of digital money launched in 2009. Think of Bitcoin like a digital version of gold.</h4><div class=\"about-text\">Bitcoin is native to the internet, and is a global, decentralised and censorship-resistant payment network. Bitcoin can be used by merchants, retailers, and individuals locally and internationally with minimal fees and no middlemen.</div><h4 class=\"about-heading\">Shocked by your supermarket bill?</h4><div class=\"about-text\">When there is no cost to print money, we get inflation and all parts of society feel the pinch. The increasing cost of living crisis in New Zealand and the world is due to the broken monetary policy of Governments who have had the ability to freely print money at zero cost.</div><h4 class=\"about-heading\">Bitcoin fixes this.</h4><div class=\"about-text\">Bitcoin is digital, but it is unique in that it cannot just be printed out of thin air. Bitcoin has a fixed supply backed by the energy of the world\'s largest decentralised network of computers. Every Bitcoin requires a certain amount of real-world energy to generate, which gives it fundamental value.<br><br><strong>Bitcoin is like a better version of the gold standard, but for the digital era.</strong></div><h4 class=\"about-heading\">What does Bitcoin mean for New Zealand?</h4><div class=\"about-text\">Bitcoin enables lower fees, more secure and private transactions, and an alternative to constantly increasing prices caused by Government and Reserve Bank monetary policy.<br><br>What the internet did for the way we interact with information is what bitcoin is doing to the way we use money.</div><h4 class=\"about-heading\">A Positive Social Story</h4><div class=\"about-text\">Beyond a day-to-day asset and payment tool held by tens of thousands of kiwi individuals and businesses**, Bitcoin is a positive social success, and is increasingly being used for remittance payments to developing nations, helping smaller nations avoid the debt trap, and to provide a way around financial censorship.</div><div class=\"about-reference\"><a class=\"link-2\" rel=\"noopener noreferrer\" href=\"https://www.rbnz.govt.nz/-/media/project/sites/rbnz/files/publications/bulletins/2003/2003mar66-1matthews.pdf\" target=\"_blank\">*New Zealand has not had gold-backed money for over a 100 years (RBNZ, Page 45).</a></div><div class=\"about-reference\"><a class=\"link-2\" rel=\"noopener noreferrer\" href=\"https://cfotech.co.nz/story/cryptocurrency-trading-in-nz-below-world-average-but-signs-show-increased-awareness\" target=\"_blank\">**CFO Tech NZ.</a></div>', 5, 'Learn about Bitcoin'),
(6, '<h4 class=\"about-heading\">Is Bitcoin legal in New Zealand?</h4><div class=\"about-text\">Yes! In fact the New Zealand government and IRD already permit businesses to pay their staff in Bitcoin, there are registered Financial Service Providers (FSPs) operating in Bitcoin, along with clear statements from both the Government and the Reserve Bank of New Zealand setting a precedent for the legal use of Bitcoin.</div><h4 class=\"about-heading\">Do I have to pay tax on Bitcoin?</h4><div class=\"about-text\">For day-to-day payments, Bitcoin is considered a transfer of money from one form to another. Think of it like a transport card top-up (Snapper, AT Hop, Metrocard, etc).<br><br>If you receive Bitcoin as business income then you will have to pay GST and income tax just the same as if you were receiving dollars. <br><br>See <a rel=\"noopener noreferrer\" href=\"https://www.ird.govt.nz/cryptoassets\" target=\"_blank\">IRD guidance</a></div><h4 class=\"about-heading\">What is the impact of Bitcoin on the environment?</h4><div class=\"about-text\">Bitcoin is powered by a decentralised network of specialised computers called <em>miners. </em>Bitcoin mining secures the network and helps give Bitcoin its value. <br><br>Bitcoin mining requires electricity and is no different than any other use of electrical power. However, mining is unique in that it tends to seek out areas where electricity is renewable, abundant, and low cost. <strong>In New Zealand this means Bitcoin mining is emerging as a key piece of co-locatable infrastructure alongside renewable hydro and wind generation assets.</strong><br><br>Because electrical power is \"use it or lose it\", Bitcoin mining provides an important function as a load-balancing tool for the electrical grid.</div><h4 class=\"about-heading\">Aren\'t there many \"cryptocurrencies\"?</h4><div class=\"about-text\">It is important to understand the difference between Bitcoin and \"Crypto\". There are thousands of get-rich-quick \"cryptocurrencies\" that have emerged over the last few years which are highly volatile and often crash to zero. <br><br>Bitcoin however has been online for over 13 years and is the safest, most popular decentralised digital money we have. Unfortunately a lot of these \"cryptocurrencies\" are marketed alongside Bitcoin on online exchanges and can be confusing.</div><h4 class=\"about-heading\">What about all these hacks and exchanges going bankrupt?</h4><div class=\"about-text\">If you leave your Bitcoin on an exchange your funds may be at risk. It is important to learn to <a rel=\"noopener noreferrer\" href=\"https://acceptbitcoin.nz/\" target=\"_blank\">self-custody your own Bitcoin in your own Bitcoin wallet</a> to keep it safe. If properly custodied, your Bitcoin is controlled only by you and cannot be taken from you.</div><h4 class=\"about-heading\">Where can I buy Bitcoin?</h4><div class=\"about-text\">There are a number of ways to buy Bitcoin in New Zealand, but as mentioned above <strong>it is important to choose the right way to buy and to understand the difference between Bitcoin and \"Crypto\".<br></strong><br>We encourage you to attend a <a href=\"#events\" class=\"ss-broken\">Bitcoin event</a> first to learn more or you can <a href=\"#contact\" class=\"ss-broken\">reach out directly</a>.</div>', 6, 'FAQ'),
(11, '<div class=\"contact-rich-text w-richtext\">\n<p><strong>NZ Bitcoiners is about connecting Kiwis to Bitcoin. </strong><br><br>Please get in touch if you have a question or would like to know more and we will try and help you directly, or put you in touch with the right people or organisation.<br></p>\n<h3>For general info or media enquiries</h3>\n<p><a href=\"mailto:hello@nzbitcoiners.org\">hello@nzbitcoiners.org</a></p>\n<h3>Come to an event</h3>\n<p>There are regular Bitcoin events organised by different groups in New Zealand.</p>\n<p><a href=\"/#events\" class=\"ss-broken\">See event list</a></p>\n</div>', 8, NULL);

-- --------------------------------------------------------

--
-- Table structure for table `TextLeftImageRightElement_Live`
--

CREATE TABLE `TextLeftImageRightElement_Live` (
  `ID` int(11) NOT NULL,
  `Text` mediumtext CHARACTER SET utf8mb4 COLLATE utf8mb4_unicode_ci,
  `ImageID` int(11) NOT NULL DEFAULT '0',
  `MenuTitle` varchar(255) CHARACTER SET utf8mb4 COLLATE utf8mb4_unicode_ci DEFAULT NULL
) ENGINE=InnoDB DEFAULT CHARSET=latin1;

--
-- Dumping data for table `TextLeftImageRightElement_Live`
--

INSERT INTO `TextLeftImageRightElement_Live` (`ID`, `Text`, `ImageID`, `MenuTitle`) VALUES
(4, '<h4 class=\"about-heading\">Bitcoin is a new kind of digital money launched in 2009. Think of Bitcoin like a digital version of gold.</h4><div class=\"about-text\">Bitcoin is native to the internet, and is a global, decentralised and censorship-resistant payment network. Bitcoin can be used by merchants, retailers, and individuals locally and internationally with minimal fees and no middlemen.</div><h4 class=\"about-heading\">Shocked by your supermarket bill?</h4><div class=\"about-text\">When there is no cost to print money, we get inflation and all parts of society feel the pinch. The increasing cost of living crisis in New Zealand and the world is due to the broken monetary policy of Governments who have had the ability to freely print money at zero cost.</div><h4 class=\"about-heading\">Bitcoin fixes this.</h4><div class=\"about-text\">Bitcoin is digital, but it is unique in that it cannot just be printed out of thin air. Bitcoin has a fixed supply backed by the energy of the world\'s largest decentralised network of computers. Every Bitcoin requires a certain amount of real-world energy to generate, which gives it fundamental value.<br><br><strong>Bitcoin is like a better version of the gold standard, but for the digital era.</strong></div><h4 class=\"about-heading\">What does Bitcoin mean for New Zealand?</h4><div class=\"about-text\">Bitcoin enables lower fees, more secure and private transactions, and an alternative to constantly increasing prices caused by Government and Reserve Bank monetary policy.<br><br>What the internet did for the way we interact with information is what bitcoin is doing to the way we use money.</div><h4 class=\"about-heading\">A Positive Social Story</h4><div class=\"about-text\">Beyond a day-to-day asset and payment tool held by tens of thousands of kiwi individuals and businesses**, Bitcoin is a positive social success, and is increasingly being used for remittance payments to developing nations, helping smaller nations avoid the debt trap, and to provide a way around financial censorship.</div><div class=\"about-reference\"><a class=\"link-2\" rel=\"noopener noreferrer\" href=\"https://www.rbnz.govt.nz/-/media/project/sites/rbnz/files/publications/bulletins/2003/2003mar66-1matthews.pdf\" target=\"_blank\">*New Zealand has not had gold-backed money for over a 100 years (RBNZ, Page 45).</a></div><div class=\"about-reference\"><a class=\"link-2\" rel=\"noopener noreferrer\" href=\"https://cfotech.co.nz/story/cryptocurrency-trading-in-nz-below-world-average-but-signs-show-increased-awareness\" target=\"_blank\">**CFO Tech NZ.</a></div>', 5, 'Learn about Bitcoin'),
(6, '<h4 class=\"about-heading\">Is Bitcoin legal in New Zealand?</h4><div class=\"about-text\">Yes! In fact the New Zealand government and IRD already permit businesses to pay their staff in Bitcoin, there are registered Financial Service Providers (FSPs) operating in Bitcoin, along with clear statements from both the Government and the Reserve Bank of New Zealand setting a precedent for the legal use of Bitcoin.</div><h4 class=\"about-heading\">Do I have to pay tax on Bitcoin?</h4><div class=\"about-text\">For day-to-day payments, Bitcoin is considered a transfer of money from one form to another. Think of it like a transport card top-up (Snapper, AT Hop, Metrocard, etc).<br><br>If you receive Bitcoin as business income then you will have to pay GST and income tax just the same as if you were receiving dollars. <br><br>See <a rel=\"noopener noreferrer\" href=\"https://www.ird.govt.nz/cryptoassets\" target=\"_blank\">IRD guidance</a></div><h4 class=\"about-heading\">What is the impact of Bitcoin on the environment?</h4><div class=\"about-text\">Bitcoin is powered by a decentralised network of specialised computers called <em>miners. </em>Bitcoin mining secures the network and helps give Bitcoin its value. <br><br>Bitcoin mining requires electricity and is no different than any other use of electrical power. However, mining is unique in that it tends to seek out areas where electricity is renewable, abundant, and low cost. <strong>In New Zealand this means Bitcoin mining is emerging as a key piece of co-locatable infrastructure alongside renewable hydro and wind generation assets.</strong><br><br>Because electrical power is \"use it or lose it\", Bitcoin mining provides an important function as a load-balancing tool for the electrical grid.</div><h4 class=\"about-heading\">Aren\'t there many \"cryptocurrencies\"?</h4><div class=\"about-text\">It is important to understand the difference between Bitcoin and \"Crypto\". There are thousands of get-rich-quick \"cryptocurrencies\" that have emerged over the last few years which are highly volatile and often crash to zero. <br><br>Bitcoin however has been online for over 13 years and is the safest, most popular decentralised digital money we have. Unfortunately a lot of these \"cryptocurrencies\" are marketed alongside Bitcoin on online exchanges and can be confusing.</div><h4 class=\"about-heading\">What about all these hacks and exchanges going bankrupt?</h4><div class=\"about-text\">If you leave your Bitcoin on an exchange your funds may be at risk. It is important to learn to <a rel=\"noopener noreferrer\" href=\"https://acceptbitcoin.nz/\" target=\"_blank\">self-custody your own Bitcoin in your own Bitcoin wallet</a> to keep it safe. If properly custodied, your Bitcoin is controlled only by you and cannot be taken from you.</div><h4 class=\"about-heading\">Where can I buy Bitcoin?</h4><div class=\"about-text\">There are a number of ways to buy Bitcoin in New Zealand, but as mentioned above <strong>it is important to choose the right way to buy and to understand the difference between Bitcoin and \"Crypto\".<br></strong><br>We encourage you to attend a <a href=\"#events\" class=\"ss-broken\">Bitcoin event</a> first to learn more or you can <a href=\"#contact\" class=\"ss-broken\">reach out directly</a>.</div>', 6, 'FAQ'),
(11, '<div class=\"contact-rich-text w-richtext\">\n<p><strong>NZ Bitcoiners is about connecting Kiwis to Bitcoin. </strong><br><br>Please get in touch if you have a question or would like to know more and we will try and help you directly, or put you in touch with the right people or organisation.<br></p>\n<h3>For general info or media enquiries</h3>\n<p><a href=\"mailto:hello@nzbitcoiners.org\">hello@nzbitcoiners.org</a></p>\n<h3>Come to an event</h3>\n<p>There are regular Bitcoin events organised by different groups in New Zealand.</p>\n<p><a href=\"/#events\" class=\"ss-broken\">See event list</a></p>\n</div>', 8, NULL);

-- --------------------------------------------------------

--
-- Table structure for table `TextLeftImageRightElement_Versions`
--

CREATE TABLE `TextLeftImageRightElement_Versions` (
  `ID` int(11) NOT NULL,
  `RecordID` int(11) NOT NULL DEFAULT '0',
  `Version` int(11) NOT NULL DEFAULT '0',
  `Text` mediumtext CHARACTER SET utf8mb4 COLLATE utf8mb4_unicode_ci,
  `ImageID` int(11) NOT NULL DEFAULT '0',
  `MenuTitle` varchar(255) CHARACTER SET utf8mb4 COLLATE utf8mb4_unicode_ci DEFAULT NULL
) ENGINE=InnoDB DEFAULT CHARSET=latin1;

--
-- Dumping data for table `TextLeftImageRightElement_Versions`
--

INSERT INTO `TextLeftImageRightElement_Versions` (`ID`, `RecordID`, `Version`, `Text`, `ImageID`, `MenuTitle`) VALUES
(1, 4, 1, NULL, 0, NULL),
(2, 4, 2, NULL, 0, NULL),
(3, 4, 3, '<h4 class=\"about-heading\">Bitcoin is a new kind of digital money launched in 2009. Think of Bitcoin like a digital version of gold.</h4><div class=\"about-text\">Bitcoin is native to the internet, and is a global, decentralised and censorship-resistant payment network. Bitcoin can be used by merchants, retailers, and individuals locally and internationally with minimal fees and no middlemen.</div><h4 class=\"about-heading\">Shocked by your supermarket bill?</h4><div class=\"about-text\">When there is no cost to print money, we get inflation and all parts of society feel the pinch. The increasing cost of living crisis in New Zealand and the world is due to the broken monetary policy of Governments who have had the ability to freely print money at zero cost.</div><h4 class=\"about-heading\">Bitcoin fixes this.</h4><div class=\"about-text\">Bitcoin is digital, but it is unique in that it cannot just be printed out of thin air. Bitcoin has a fixed supply backed by the energy of the world\'s largest decentralised network of computers. Every Bitcoin requires a certain amount of real-world energy to generate, which gives it fundamental value.<br><br><strong>Bitcoin is like a better version of the gold standard, but for the digital era.</strong></div><h4 class=\"about-heading\">What does Bitcoin mean for New Zealand?</h4><div class=\"about-text\">Bitcoin enables lower fees, more secure and private transactions, and an alternative to constantly increasing prices caused by Government and Reserve Bank monetary policy.<br><br>What the internet did for the way we interact with information is what bitcoin is doing to the way we use money.</div><h4 class=\"about-heading\">A Positive Social Story</h4><div class=\"about-text\">Beyond a day-to-day asset and payment tool held by tens of thousands of kiwi individuals and businesses**, Bitcoin is a positive social success, and is increasingly being used for remittance payments to developing nations, helping smaller nations avoid the debt trap, and to provide a way around financial censorship.</div><div class=\"about-reference\"><a class=\"link-2\" rel=\"noopener noreferrer\" href=\"https://www.rbnz.govt.nz/-/media/project/sites/rbnz/files/publications/bulletins/2003/2003mar66-1matthews.pdf\" target=\"_blank\">*New Zealand has not had gold-backed money for over a 100 years (RBNZ, Page 45).</a></div><div class=\"about-reference\"><a class=\"link-2\" rel=\"noopener noreferrer\" href=\"https://cfotech.co.nz/story/cryptocurrency-trading-in-nz-below-world-average-but-signs-show-increased-awareness\" target=\"_blank\">**CFO Tech NZ.</a></div>', 0, NULL),
(4, 4, 4, '<h4 class=\"about-heading\">Bitcoin is a new kind of digital money launched in 2009. Think of Bitcoin like a digital version of gold.</h4><div class=\"about-text\">Bitcoin is native to the internet, and is a global, decentralised and censorship-resistant payment network. Bitcoin can be used by merchants, retailers, and individuals locally and internationally with minimal fees and no middlemen.</div><h4 class=\"about-heading\">Shocked by your supermarket bill?</h4><div class=\"about-text\">When there is no cost to print money, we get inflation and all parts of society feel the pinch. The increasing cost of living crisis in New Zealand and the world is due to the broken monetary policy of Governments who have had the ability to freely print money at zero cost.</div><h4 class=\"about-heading\">Bitcoin fixes this.</h4><div class=\"about-text\">Bitcoin is digital, but it is unique in that it cannot just be printed out of thin air. Bitcoin has a fixed supply backed by the energy of the world\'s largest decentralised network of computers. Every Bitcoin requires a certain amount of real-world energy to generate, which gives it fundamental value.<br><br><strong>Bitcoin is like a better version of the gold standard, but for the digital era.</strong></div><h4 class=\"about-heading\">What does Bitcoin mean for New Zealand?</h4><div class=\"about-text\">Bitcoin enables lower fees, more secure and private transactions, and an alternative to constantly increasing prices caused by Government and Reserve Bank monetary policy.<br><br>What the internet did for the way we interact with information is what bitcoin is doing to the way we use money.</div><h4 class=\"about-heading\">A Positive Social Story</h4><div class=\"about-text\">Beyond a day-to-day asset and payment tool held by tens of thousands of kiwi individuals and businesses**, Bitcoin is a positive social success, and is increasingly being used for remittance payments to developing nations, helping smaller nations avoid the debt trap, and to provide a way around financial censorship.</div><div class=\"about-reference\"><a class=\"link-2\" rel=\"noopener noreferrer\" href=\"https://www.rbnz.govt.nz/-/media/project/sites/rbnz/files/publications/bulletins/2003/2003mar66-1matthews.pdf\" target=\"_blank\">*New Zealand has not had gold-backed money for over a 100 years (RBNZ, Page 45).</a></div><div class=\"about-reference\"><a class=\"link-2\" rel=\"noopener noreferrer\" href=\"https://cfotech.co.nz/story/cryptocurrency-trading-in-nz-below-world-average-but-signs-show-increased-awareness\" target=\"_blank\">**CFO Tech NZ.</a></div>', 0, NULL),
(5, 4, 5, '<h4 class=\"about-heading\">Bitcoin is a new kind of digital money launched in 2009. Think of Bitcoin like a digital version of gold.</h4><div class=\"about-text\">Bitcoin is native to the internet, and is a global, decentralised and censorship-resistant payment network. Bitcoin can be used by merchants, retailers, and individuals locally and internationally with minimal fees and no middlemen.</div><h4 class=\"about-heading\">Shocked by your supermarket bill?</h4><div class=\"about-text\">When there is no cost to print money, we get inflation and all parts of society feel the pinch. The increasing cost of living crisis in New Zealand and the world is due to the broken monetary policy of Governments who have had the ability to freely print money at zero cost.</div><h4 class=\"about-heading\">Bitcoin fixes this.</h4><div class=\"about-text\">Bitcoin is digital, but it is unique in that it cannot just be printed out of thin air. Bitcoin has a fixed supply backed by the energy of the world\'s largest decentralised network of computers. Every Bitcoin requires a certain amount of real-world energy to generate, which gives it fundamental value.<br><br><strong>Bitcoin is like a better version of the gold standard, but for the digital era.</strong></div><h4 class=\"about-heading\">What does Bitcoin mean for New Zealand?</h4><div class=\"about-text\">Bitcoin enables lower fees, more secure and private transactions, and an alternative to constantly increasing prices caused by Government and Reserve Bank monetary policy.<br><br>What the internet did for the way we interact with information is what bitcoin is doing to the way we use money.</div><h4 class=\"about-heading\">A Positive Social Story</h4><div class=\"about-text\">Beyond a day-to-day asset and payment tool held by tens of thousands of kiwi individuals and businesses**, Bitcoin is a positive social success, and is increasingly being used for remittance payments to developing nations, helping smaller nations avoid the debt trap, and to provide a way around financial censorship.</div><div class=\"about-reference\"><a class=\"link-2\" rel=\"noopener noreferrer\" href=\"https://www.rbnz.govt.nz/-/media/project/sites/rbnz/files/publications/bulletins/2003/2003mar66-1matthews.pdf\" target=\"_blank\">*New Zealand has not had gold-backed money for over a 100 years (RBNZ, Page 45).</a></div><div class=\"about-reference\"><a class=\"link-2\" rel=\"noopener noreferrer\" href=\"https://cfotech.co.nz/story/cryptocurrency-trading-in-nz-below-world-average-but-signs-show-increased-awareness\" target=\"_blank\">**CFO Tech NZ.</a></div>', 0, NULL),
(6, 4, 6, '<h4 class=\"about-heading\">Bitcoin is a new kind of digital money launched in 2009. Think of Bitcoin like a digital version of gold.</h4><div class=\"about-text\">Bitcoin is native to the internet, and is a global, decentralised and censorship-resistant payment network. Bitcoin can be used by merchants, retailers, and individuals locally and internationally with minimal fees and no middlemen.</div><h4 class=\"about-heading\">Shocked by your supermarket bill?</h4><div class=\"about-text\">When there is no cost to print money, we get inflation and all parts of society feel the pinch. The increasing cost of living crisis in New Zealand and the world is due to the broken monetary policy of Governments who have had the ability to freely print money at zero cost.</div><h4 class=\"about-heading\">Bitcoin fixes this.</h4><div class=\"about-text\">Bitcoin is digital, but it is unique in that it cannot just be printed out of thin air. Bitcoin has a fixed supply backed by the energy of the world\'s largest decentralised network of computers. Every Bitcoin requires a certain amount of real-world energy to generate, which gives it fundamental value.<br><br><strong>Bitcoin is like a better version of the gold standard, but for the digital era.</strong></div><h4 class=\"about-heading\">What does Bitcoin mean for New Zealand?</h4><div class=\"about-text\">Bitcoin enables lower fees, more secure and private transactions, and an alternative to constantly increasing prices caused by Government and Reserve Bank monetary policy.<br><br>What the internet did for the way we interact with information is what bitcoin is doing to the way we use money.</div><h4 class=\"about-heading\">A Positive Social Story</h4><div class=\"about-text\">Beyond a day-to-day asset and payment tool held by tens of thousands of kiwi individuals and businesses**, Bitcoin is a positive social success, and is increasingly being used for remittance payments to developing nations, helping smaller nations avoid the debt trap, and to provide a way around financial censorship.</div><div class=\"about-reference\"><a class=\"link-2\" rel=\"noopener noreferrer\" href=\"https://www.rbnz.govt.nz/-/media/project/sites/rbnz/files/publications/bulletins/2003/2003mar66-1matthews.pdf\" target=\"_blank\">*New Zealand has not had gold-backed money for over a 100 years (RBNZ, Page 45).</a></div><div class=\"about-reference\"><a class=\"link-2\" rel=\"noopener noreferrer\" href=\"https://cfotech.co.nz/story/cryptocurrency-trading-in-nz-below-world-average-but-signs-show-increased-awareness\" target=\"_blank\">**CFO Tech NZ.</a></div>', 0, NULL),
(7, 4, 7, '<h4 class=\"about-heading\">Bitcoin is a new kind of digital money launched in 2009. Think of Bitcoin like a digital version of gold.</h4><div class=\"about-text\">Bitcoin is native to the internet, and is a global, decentralised and censorship-resistant payment network. Bitcoin can be used by merchants, retailers, and individuals locally and internationally with minimal fees and no middlemen.</div><h4 class=\"about-heading\">Shocked by your supermarket bill?</h4><div class=\"about-text\">When there is no cost to print money, we get inflation and all parts of society feel the pinch. The increasing cost of living crisis in New Zealand and the world is due to the broken monetary policy of Governments who have had the ability to freely print money at zero cost.</div><h4 class=\"about-heading\">Bitcoin fixes this.</h4><div class=\"about-text\">Bitcoin is digital, but it is unique in that it cannot just be printed out of thin air. Bitcoin has a fixed supply backed by the energy of the world\'s largest decentralised network of computers. Every Bitcoin requires a certain amount of real-world energy to generate, which gives it fundamental value.<br><br><strong>Bitcoin is like a better version of the gold standard, but for the digital era.</strong></div><h4 class=\"about-heading\">What does Bitcoin mean for New Zealand?</h4><div class=\"about-text\">Bitcoin enables lower fees, more secure and private transactions, and an alternative to constantly increasing prices caused by Government and Reserve Bank monetary policy.<br><br>What the internet did for the way we interact with information is what bitcoin is doing to the way we use money.</div><h4 class=\"about-heading\">A Positive Social Story</h4><div class=\"about-text\">Beyond a day-to-day asset and payment tool held by tens of thousands of kiwi individuals and businesses**, Bitcoin is a positive social success, and is increasingly being used for remittance payments to developing nations, helping smaller nations avoid the debt trap, and to provide a way around financial censorship.</div><div class=\"about-reference\"><a class=\"link-2\" rel=\"noopener noreferrer\" href=\"https://www.rbnz.govt.nz/-/media/project/sites/rbnz/files/publications/bulletins/2003/2003mar66-1matthews.pdf\" target=\"_blank\">*New Zealand has not had gold-backed money for over a 100 years (RBNZ, Page 45).</a></div><div class=\"about-reference\"><a class=\"link-2\" rel=\"noopener noreferrer\" href=\"https://cfotech.co.nz/story/cryptocurrency-trading-in-nz-below-world-average-but-signs-show-increased-awareness\" target=\"_blank\">**CFO Tech NZ.</a></div>', 5, NULL),
(8, 4, 8, '<h4 class=\"about-heading\">Bitcoin is a new kind of digital money launched in 2009. Think of Bitcoin like a digital version of gold.</h4><div class=\"about-text\">Bitcoin is native to the internet, and is a global, decentralised and censorship-resistant payment network. Bitcoin can be used by merchants, retailers, and individuals locally and internationally with minimal fees and no middlemen.</div><h4 class=\"about-heading\">Shocked by your supermarket bill?</h4><div class=\"about-text\">When there is no cost to print money, we get inflation and all parts of society feel the pinch. The increasing cost of living crisis in New Zealand and the world is due to the broken monetary policy of Governments who have had the ability to freely print money at zero cost.</div><h4 class=\"about-heading\">Bitcoin fixes this.</h4><div class=\"about-text\">Bitcoin is digital, but it is unique in that it cannot just be printed out of thin air. Bitcoin has a fixed supply backed by the energy of the world\'s largest decentralised network of computers. Every Bitcoin requires a certain amount of real-world energy to generate, which gives it fundamental value.<br><br><strong>Bitcoin is like a better version of the gold standard, but for the digital era.</strong></div><h4 class=\"about-heading\">What does Bitcoin mean for New Zealand?</h4><div class=\"about-text\">Bitcoin enables lower fees, more secure and private transactions, and an alternative to constantly increasing prices caused by Government and Reserve Bank monetary policy.<br><br>What the internet did for the way we interact with information is what bitcoin is doing to the way we use money.</div><h4 class=\"about-heading\">A Positive Social Story</h4><div class=\"about-text\">Beyond a day-to-day asset and payment tool held by tens of thousands of kiwi individuals and businesses**, Bitcoin is a positive social success, and is increasingly being used for remittance payments to developing nations, helping smaller nations avoid the debt trap, and to provide a way around financial censorship.</div><div class=\"about-reference\"><a class=\"link-2\" rel=\"noopener noreferrer\" href=\"https://www.rbnz.govt.nz/-/media/project/sites/rbnz/files/publications/bulletins/2003/2003mar66-1matthews.pdf\" target=\"_blank\">*New Zealand has not had gold-backed money for over a 100 years (RBNZ, Page 45).</a></div><div class=\"about-reference\"><a class=\"link-2\" rel=\"noopener noreferrer\" href=\"https://cfotech.co.nz/story/cryptocurrency-trading-in-nz-below-world-average-but-signs-show-increased-awareness\" target=\"_blank\">**CFO Tech NZ.</a></div>', 5, NULL),
(9, 6, 1, NULL, 0, NULL),
(10, 6, 2, '<h4 class=\"about-heading\">Is Bitcoin legal in New Zealand?</h4><div class=\"about-text\">Yes! In fact the New Zealand government and IRD already permit businesses to pay their staff in Bitcoin, there are registered Financial Service Providers (FSPs) operating in Bitcoin, along with clear statements from both the Government and the Reserve Bank of New Zealand setting a precedent for the legal use of Bitcoin.</div><h4 class=\"about-heading\">Do I have to pay tax on Bitcoin?</h4><div class=\"about-text\">For day-to-day payments, Bitcoin is considered a transfer of money from one form to another. Think of it like a transport card top-up (Snapper, AT Hop, Metrocard, etc).<br><br>If you receive Bitcoin as business income then you will have to pay GST and income tax just the same as if you were receiving dollars. <br><br>See <a rel=\"noopener noreferrer\" href=\"https://www.ird.govt.nz/cryptoassets\" target=\"_blank\">IRD guidance</a></div><h4 class=\"about-heading\">What is the impact of Bitcoin on the environment?</h4><div class=\"about-text\">Bitcoin is powered by a decentralised network of specialised computers called <em>miners. </em>Bitcoin mining secures the network and helps give Bitcoin its value. <br><br>Bitcoin mining requires electricity and is no different than any other use of electrical power. However, mining is unique in that it tends to seek out areas where electricity is renewable, abundant, and low cost. <strong>In New Zealand this means Bitcoin mining is emerging as a key piece of co-locatable infrastructure alongside renewable hydro and wind generation assets.</strong><br><br>Because electrical power is \"use it or lose it\", Bitcoin mining provides an important function as a load-balancing tool for the electrical grid.</div><h4 class=\"about-heading\">Aren\'t there many \"cryptocurrencies\"?</h4><div class=\"about-text\">It is important to understand the difference between Bitcoin and \"Crypto\". There are thousands of get-rich-quick \"cryptocurrencies\" that have emerged over the last few years which are highly volatile and often crash to zero. <br><br>Bitcoin however has been online for over 13 years and is the safest, most popular decentralised digital money we have. Unfortunately a lot of these \"cryptocurrencies\" are marketed alongside Bitcoin on online exchanges and can be confusing.</div><h4 class=\"about-heading\">What about all these hacks and exchanges going bankrupt?</h4><div class=\"about-text\">If you leave your Bitcoin on an exchange your funds may be at risk. It is important to learn to <a rel=\"noopener noreferrer\" href=\"https://acceptbitcoin.nz/\" target=\"_blank\">self-custody your own Bitcoin in your own Bitcoin wallet</a> to keep it safe. If properly custodied, your Bitcoin is controlled only by you and cannot be taken from you.</div><h4 class=\"about-heading\">Where can I buy Bitcoin?</h4><div class=\"about-text\">There are a number of ways to buy Bitcoin in New Zealand, but as mentioned above <strong>it is important to choose the right way to buy and to understand the difference between Bitcoin and \"Crypto\".<br></strong><br>We encourage you to attend a <a href=\"#events\" class=\"ss-broken\">Bitcoin event</a> first to learn more or you can <a href=\"#contact\" class=\"ss-broken\">reach out directly</a>.</div>', 0, NULL),
(11, 6, 3, '<h4 class=\"about-heading\">Is Bitcoin legal in New Zealand?</h4><div class=\"about-text\">Yes! In fact the New Zealand government and IRD already permit businesses to pay their staff in Bitcoin, there are registered Financial Service Providers (FSPs) operating in Bitcoin, along with clear statements from both the Government and the Reserve Bank of New Zealand setting a precedent for the legal use of Bitcoin.</div><h4 class=\"about-heading\">Do I have to pay tax on Bitcoin?</h4><div class=\"about-text\">For day-to-day payments, Bitcoin is considered a transfer of money from one form to another. Think of it like a transport card top-up (Snapper, AT Hop, Metrocard, etc).<br><br>If you receive Bitcoin as business income then you will have to pay GST and income tax just the same as if you were receiving dollars. <br><br>See <a rel=\"noopener noreferrer\" href=\"https://www.ird.govt.nz/cryptoassets\" target=\"_blank\">IRD guidance</a></div><h4 class=\"about-heading\">What is the impact of Bitcoin on the environment?</h4><div class=\"about-text\">Bitcoin is powered by a decentralised network of specialised computers called <em>miners. </em>Bitcoin mining secures the network and helps give Bitcoin its value. <br><br>Bitcoin mining requires electricity and is no different than any other use of electrical power. However, mining is unique in that it tends to seek out areas where electricity is renewable, abundant, and low cost. <strong>In New Zealand this means Bitcoin mining is emerging as a key piece of co-locatable infrastructure alongside renewable hydro and wind generation assets.</strong><br><br>Because electrical power is \"use it or lose it\", Bitcoin mining provides an important function as a load-balancing tool for the electrical grid.</div><h4 class=\"about-heading\">Aren\'t there many \"cryptocurrencies\"?</h4><div class=\"about-text\">It is important to understand the difference between Bitcoin and \"Crypto\". There are thousands of get-rich-quick \"cryptocurrencies\" that have emerged over the last few years which are highly volatile and often crash to zero. <br><br>Bitcoin however has been online for over 13 years and is the safest, most popular decentralised digital money we have. Unfortunately a lot of these \"cryptocurrencies\" are marketed alongside Bitcoin on online exchanges and can be confusing.</div><h4 class=\"about-heading\">What about all these hacks and exchanges going bankrupt?</h4><div class=\"about-text\">If you leave your Bitcoin on an exchange your funds may be at risk. It is important to learn to <a rel=\"noopener noreferrer\" href=\"https://acceptbitcoin.nz/\" target=\"_blank\">self-custody your own Bitcoin in your own Bitcoin wallet</a> to keep it safe. If properly custodied, your Bitcoin is controlled only by you and cannot be taken from you.</div><h4 class=\"about-heading\">Where can I buy Bitcoin?</h4><div class=\"about-text\">There are a number of ways to buy Bitcoin in New Zealand, but as mentioned above <strong>it is important to choose the right way to buy and to understand the difference between Bitcoin and \"Crypto\".<br></strong><br>We encourage you to attend a <a href=\"#events\" class=\"ss-broken\">Bitcoin event</a> first to learn more or you can <a href=\"#contact\" class=\"ss-broken\">reach out directly</a>.</div>', 0, NULL),
(12, 6, 4, '<h4 class=\"about-heading\">Is Bitcoin legal in New Zealand?</h4><div class=\"about-text\">Yes! In fact the New Zealand government and IRD already permit businesses to pay their staff in Bitcoin, there are registered Financial Service Providers (FSPs) operating in Bitcoin, along with clear statements from both the Government and the Reserve Bank of New Zealand setting a precedent for the legal use of Bitcoin.</div><h4 class=\"about-heading\">Do I have to pay tax on Bitcoin?</h4><div class=\"about-text\">For day-to-day payments, Bitcoin is considered a transfer of money from one form to another. Think of it like a transport card top-up (Snapper, AT Hop, Metrocard, etc).<br><br>If you receive Bitcoin as business income then you will have to pay GST and income tax just the same as if you were receiving dollars. <br><br>See <a rel=\"noopener noreferrer\" href=\"https://www.ird.govt.nz/cryptoassets\" target=\"_blank\">IRD guidance</a></div><h4 class=\"about-heading\">What is the impact of Bitcoin on the environment?</h4><div class=\"about-text\">Bitcoin is powered by a decentralised network of specialised computers called <em>miners. </em>Bitcoin mining secures the network and helps give Bitcoin its value. <br><br>Bitcoin mining requires electricity and is no different than any other use of electrical power. However, mining is unique in that it tends to seek out areas where electricity is renewable, abundant, and low cost. <strong>In New Zealand this means Bitcoin mining is emerging as a key piece of co-locatable infrastructure alongside renewable hydro and wind generation assets.</strong><br><br>Because electrical power is \"use it or lose it\", Bitcoin mining provides an important function as a load-balancing tool for the electrical grid.</div><h4 class=\"about-heading\">Aren\'t there many \"cryptocurrencies\"?</h4><div class=\"about-text\">It is important to understand the difference between Bitcoin and \"Crypto\". There are thousands of get-rich-quick \"cryptocurrencies\" that have emerged over the last few years which are highly volatile and often crash to zero. <br><br>Bitcoin however has been online for over 13 years and is the safest, most popular decentralised digital money we have. Unfortunately a lot of these \"cryptocurrencies\" are marketed alongside Bitcoin on online exchanges and can be confusing.</div><h4 class=\"about-heading\">What about all these hacks and exchanges going bankrupt?</h4><div class=\"about-text\">If you leave your Bitcoin on an exchange your funds may be at risk. It is important to learn to <a rel=\"noopener noreferrer\" href=\"https://acceptbitcoin.nz/\" target=\"_blank\">self-custody your own Bitcoin in your own Bitcoin wallet</a> to keep it safe. If properly custodied, your Bitcoin is controlled only by you and cannot be taken from you.</div><h4 class=\"about-heading\">Where can I buy Bitcoin?</h4><div class=\"about-text\">There are a number of ways to buy Bitcoin in New Zealand, but as mentioned above <strong>it is important to choose the right way to buy and to understand the difference between Bitcoin and \"Crypto\".<br></strong><br>We encourage you to attend a <a href=\"#events\" class=\"ss-broken\">Bitcoin event</a> first to learn more or you can <a href=\"#contact\" class=\"ss-broken\">reach out directly</a>.</div>', 6, NULL),
(13, 6, 5, '<h4 class=\"about-heading\">Is Bitcoin legal in New Zealand?</h4><div class=\"about-text\">Yes! In fact the New Zealand government and IRD already permit businesses to pay their staff in Bitcoin, there are registered Financial Service Providers (FSPs) operating in Bitcoin, along with clear statements from both the Government and the Reserve Bank of New Zealand setting a precedent for the legal use of Bitcoin.</div><h4 class=\"about-heading\">Do I have to pay tax on Bitcoin?</h4><div class=\"about-text\">For day-to-day payments, Bitcoin is considered a transfer of money from one form to another. Think of it like a transport card top-up (Snapper, AT Hop, Metrocard, etc).<br><br>If you receive Bitcoin as business income then you will have to pay GST and income tax just the same as if you were receiving dollars. <br><br>See <a rel=\"noopener noreferrer\" href=\"https://www.ird.govt.nz/cryptoassets\" target=\"_blank\">IRD guidance</a></div><h4 class=\"about-heading\">What is the impact of Bitcoin on the environment?</h4><div class=\"about-text\">Bitcoin is powered by a decentralised network of specialised computers called <em>miners. </em>Bitcoin mining secures the network and helps give Bitcoin its value. <br><br>Bitcoin mining requires electricity and is no different than any other use of electrical power. However, mining is unique in that it tends to seek out areas where electricity is renewable, abundant, and low cost. <strong>In New Zealand this means Bitcoin mining is emerging as a key piece of co-locatable infrastructure alongside renewable hydro and wind generation assets.</strong><br><br>Because electrical power is \"use it or lose it\", Bitcoin mining provides an important function as a load-balancing tool for the electrical grid.</div><h4 class=\"about-heading\">Aren\'t there many \"cryptocurrencies\"?</h4><div class=\"about-text\">It is important to understand the difference between Bitcoin and \"Crypto\". There are thousands of get-rich-quick \"cryptocurrencies\" that have emerged over the last few years which are highly volatile and often crash to zero. <br><br>Bitcoin however has been online for over 13 years and is the safest, most popular decentralised digital money we have. Unfortunately a lot of these \"cryptocurrencies\" are marketed alongside Bitcoin on online exchanges and can be confusing.</div><h4 class=\"about-heading\">What about all these hacks and exchanges going bankrupt?</h4><div class=\"about-text\">If you leave your Bitcoin on an exchange your funds may be at risk. It is important to learn to <a rel=\"noopener noreferrer\" href=\"https://acceptbitcoin.nz/\" target=\"_blank\">self-custody your own Bitcoin in your own Bitcoin wallet</a> to keep it safe. If properly custodied, your Bitcoin is controlled only by you and cannot be taken from you.</div><h4 class=\"about-heading\">Where can I buy Bitcoin?</h4><div class=\"about-text\">There are a number of ways to buy Bitcoin in New Zealand, but as mentioned above <strong>it is important to choose the right way to buy and to understand the difference between Bitcoin and \"Crypto\".<br></strong><br>We encourage you to attend a <a href=\"#events\" class=\"ss-broken\">Bitcoin event</a> first to learn more or you can <a href=\"#contact\" class=\"ss-broken\">reach out directly</a>.</div>', 6, NULL),
(14, 4, 9, '<h4 class=\"about-heading\">Bitcoin is a new kind of digital money launched in 2009. Think of Bitcoin like a digital version of gold.</h4><div class=\"about-text\">Bitcoin is native to the internet, and is a global, decentralised and censorship-resistant payment network. Bitcoin can be used by merchants, retailers, and individuals locally and internationally with minimal fees and no middlemen.</div><h4 class=\"about-heading\">Shocked by your supermarket bill?</h4><div class=\"about-text\">When there is no cost to print money, we get inflation and all parts of society feel the pinch. The increasing cost of living crisis in New Zealand and the world is due to the broken monetary policy of Governments who have had the ability to freely print money at zero cost.</div><h4 class=\"about-heading\">Bitcoin fixes this.</h4><div class=\"about-text\">Bitcoin is digital, but it is unique in that it cannot just be printed out of thin air. Bitcoin has a fixed supply backed by the energy of the world\'s largest decentralised network of computers. Every Bitcoin requires a certain amount of real-world energy to generate, which gives it fundamental value.<br><br><strong>Bitcoin is like a better version of the gold standard, but for the digital era.</strong></div><h4 class=\"about-heading\">What does Bitcoin mean for New Zealand?</h4><div class=\"about-text\">Bitcoin enables lower fees, more secure and private transactions, and an alternative to constantly increasing prices caused by Government and Reserve Bank monetary policy.<br><br>What the internet did for the way we interact with information is what bitcoin is doing to the way we use money.</div><h4 class=\"about-heading\">A Positive Social Story</h4><div class=\"about-text\">Beyond a day-to-day asset and payment tool held by tens of thousands of kiwi individuals and businesses**, Bitcoin is a positive social success, and is increasingly being used for remittance payments to developing nations, helping smaller nations avoid the debt trap, and to provide a way around financial censorship.</div><div class=\"about-reference\"><a class=\"link-2\" rel=\"noopener noreferrer\" href=\"https://www.rbnz.govt.nz/-/media/project/sites/rbnz/files/publications/bulletins/2003/2003mar66-1matthews.pdf\" target=\"_blank\">*New Zealand has not had gold-backed money for over a 100 years (RBNZ, Page 45).</a></div><div class=\"about-reference\"><a class=\"link-2\" rel=\"noopener noreferrer\" href=\"https://cfotech.co.nz/story/cryptocurrency-trading-in-nz-below-world-average-but-signs-show-increased-awareness\" target=\"_blank\">**CFO Tech NZ.</a></div>', 5, 'Learn about Bitcoin'),
(15, 6, 6, '<h4 class=\"about-heading\">Is Bitcoin legal in New Zealand?</h4><div class=\"about-text\">Yes! In fact the New Zealand government and IRD already permit businesses to pay their staff in Bitcoin, there are registered Financial Service Providers (FSPs) operating in Bitcoin, along with clear statements from both the Government and the Reserve Bank of New Zealand setting a precedent for the legal use of Bitcoin.</div><h4 class=\"about-heading\">Do I have to pay tax on Bitcoin?</h4><div class=\"about-text\">For day-to-day payments, Bitcoin is considered a transfer of money from one form to another. Think of it like a transport card top-up (Snapper, AT Hop, Metrocard, etc).<br><br>If you receive Bitcoin as business income then you will have to pay GST and income tax just the same as if you were receiving dollars. <br><br>See <a rel=\"noopener noreferrer\" href=\"https://www.ird.govt.nz/cryptoassets\" target=\"_blank\">IRD guidance</a></div><h4 class=\"about-heading\">What is the impact of Bitcoin on the environment?</h4><div class=\"about-text\">Bitcoin is powered by a decentralised network of specialised computers called <em>miners. </em>Bitcoin mining secures the network and helps give Bitcoin its value. <br><br>Bitcoin mining requires electricity and is no different than any other use of electrical power. However, mining is unique in that it tends to seek out areas where electricity is renewable, abundant, and low cost. <strong>In New Zealand this means Bitcoin mining is emerging as a key piece of co-locatable infrastructure alongside renewable hydro and wind generation assets.</strong><br><br>Because electrical power is \"use it or lose it\", Bitcoin mining provides an important function as a load-balancing tool for the electrical grid.</div><h4 class=\"about-heading\">Aren\'t there many \"cryptocurrencies\"?</h4><div class=\"about-text\">It is important to understand the difference between Bitcoin and \"Crypto\". There are thousands of get-rich-quick \"cryptocurrencies\" that have emerged over the last few years which are highly volatile and often crash to zero. <br><br>Bitcoin however has been online for over 13 years and is the safest, most popular decentralised digital money we have. Unfortunately a lot of these \"cryptocurrencies\" are marketed alongside Bitcoin on online exchanges and can be confusing.</div><h4 class=\"about-heading\">What about all these hacks and exchanges going bankrupt?</h4><div class=\"about-text\">If you leave your Bitcoin on an exchange your funds may be at risk. It is important to learn to <a rel=\"noopener noreferrer\" href=\"https://acceptbitcoin.nz/\" target=\"_blank\">self-custody your own Bitcoin in your own Bitcoin wallet</a> to keep it safe. If properly custodied, your Bitcoin is controlled only by you and cannot be taken from you.</div><h4 class=\"about-heading\">Where can I buy Bitcoin?</h4><div class=\"about-text\">There are a number of ways to buy Bitcoin in New Zealand, but as mentioned above <strong>it is important to choose the right way to buy and to understand the difference between Bitcoin and \"Crypto\".<br></strong><br>We encourage you to attend a <a href=\"#events\" class=\"ss-broken\">Bitcoin event</a> first to learn more or you can <a href=\"#contact\" class=\"ss-broken\">reach out directly</a>.</div>', 6, 'FAQ'),
(16, 4, 10, '<h4 class=\"about-heading\">Bitcoin is a new kind of digital money launched in 2009. Think of Bitcoin like a digital version of gold.</h4><div class=\"about-text\">Bitcoin is native to the internet, and is a global, decentralised and censorship-resistant payment network. Bitcoin can be used by merchants, retailers, and individuals locally and internationally with minimal fees and no middlemen.</div><h4 class=\"about-heading\">Shocked by your supermarket bill?</h4><div class=\"about-text\">When there is no cost to print money, we get inflation and all parts of society feel the pinch. The increasing cost of living crisis in New Zealand and the world is due to the broken monetary policy of Governments who have had the ability to freely print money at zero cost.</div><h4 class=\"about-heading\">Bitcoin fixes this.</h4><div class=\"about-text\">Bitcoin is digital, but it is unique in that it cannot just be printed out of thin air. Bitcoin has a fixed supply backed by the energy of the world\'s largest decentralised network of computers. Every Bitcoin requires a certain amount of real-world energy to generate, which gives it fundamental value.<br><br><strong>Bitcoin is like a better version of the gold standard, but for the digital era.</strong></div><h4 class=\"about-heading\">What does Bitcoin mean for New Zealand?</h4><div class=\"about-text\">Bitcoin enables lower fees, more secure and private transactions, and an alternative to constantly increasing prices caused by Government and Reserve Bank monetary policy.<br><br>What the internet did for the way we interact with information is what bitcoin is doing to the way we use money.</div><h4 class=\"about-heading\">A Positive Social Story</h4><div class=\"about-text\">Beyond a day-to-day asset and payment tool held by tens of thousands of kiwi individuals and businesses**, Bitcoin is a positive social success, and is increasingly being used for remittance payments to developing nations, helping smaller nations avoid the debt trap, and to provide a way around financial censorship.</div><div class=\"about-reference\"><a class=\"link-2\" rel=\"noopener noreferrer\" href=\"https://www.rbnz.govt.nz/-/media/project/sites/rbnz/files/publications/bulletins/2003/2003mar66-1matthews.pdf\" target=\"_blank\">*New Zealand has not had gold-backed money for over a 100 years (RBNZ, Page 45).</a></div><div class=\"about-reference\"><a class=\"link-2\" rel=\"noopener noreferrer\" href=\"https://cfotech.co.nz/story/cryptocurrency-trading-in-nz-below-world-average-but-signs-show-increased-awareness\" target=\"_blank\">**CFO Tech NZ.</a></div>', 5, 'Learn about Bitcoin'),
(17, 6, 7, '<h4 class=\"about-heading\">Is Bitcoin legal in New Zealand?</h4><div class=\"about-text\">Yes! In fact the New Zealand government and IRD already permit businesses to pay their staff in Bitcoin, there are registered Financial Service Providers (FSPs) operating in Bitcoin, along with clear statements from both the Government and the Reserve Bank of New Zealand setting a precedent for the legal use of Bitcoin.</div><h4 class=\"about-heading\">Do I have to pay tax on Bitcoin?</h4><div class=\"about-text\">For day-to-day payments, Bitcoin is considered a transfer of money from one form to another. Think of it like a transport card top-up (Snapper, AT Hop, Metrocard, etc).<br><br>If you receive Bitcoin as business income then you will have to pay GST and income tax just the same as if you were receiving dollars. <br><br>See <a rel=\"noopener noreferrer\" href=\"https://www.ird.govt.nz/cryptoassets\" target=\"_blank\">IRD guidance</a></div><h4 class=\"about-heading\">What is the impact of Bitcoin on the environment?</h4><div class=\"about-text\">Bitcoin is powered by a decentralised network of specialised computers called <em>miners. </em>Bitcoin mining secures the network and helps give Bitcoin its value. <br><br>Bitcoin mining requires electricity and is no different than any other use of electrical power. However, mining is unique in that it tends to seek out areas where electricity is renewable, abundant, and low cost. <strong>In New Zealand this means Bitcoin mining is emerging as a key piece of co-locatable infrastructure alongside renewable hydro and wind generation assets.</strong><br><br>Because electrical power is \"use it or lose it\", Bitcoin mining provides an important function as a load-balancing tool for the electrical grid.</div><h4 class=\"about-heading\">Aren\'t there many \"cryptocurrencies\"?</h4><div class=\"about-text\">It is important to understand the difference between Bitcoin and \"Crypto\". There are thousands of get-rich-quick \"cryptocurrencies\" that have emerged over the last few years which are highly volatile and often crash to zero. <br><br>Bitcoin however has been online for over 13 years and is the safest, most popular decentralised digital money we have. Unfortunately a lot of these \"cryptocurrencies\" are marketed alongside Bitcoin on online exchanges and can be confusing.</div><h4 class=\"about-heading\">What about all these hacks and exchanges going bankrupt?</h4><div class=\"about-text\">If you leave your Bitcoin on an exchange your funds may be at risk. It is important to learn to <a rel=\"noopener noreferrer\" href=\"https://acceptbitcoin.nz/\" target=\"_blank\">self-custody your own Bitcoin in your own Bitcoin wallet</a> to keep it safe. If properly custodied, your Bitcoin is controlled only by you and cannot be taken from you.</div><h4 class=\"about-heading\">Where can I buy Bitcoin?</h4><div class=\"about-text\">There are a number of ways to buy Bitcoin in New Zealand, but as mentioned above <strong>it is important to choose the right way to buy and to understand the difference between Bitcoin and \"Crypto\".<br></strong><br>We encourage you to attend a <a href=\"#events\" class=\"ss-broken\">Bitcoin event</a> first to learn more or you can <a href=\"#contact\" class=\"ss-broken\">reach out directly</a>.</div>', 6, 'FAQ'),
(18, 4, 11, '<h4 class=\"about-heading\">Bitcoin is a new kind of digital money launched in 2009. Think of Bitcoin like a digital version of gold.</h4><div class=\"about-text\">Bitcoin is native to the internet, and is a global, decentralised and censorship-resistant payment network. Bitcoin can be used by merchants, retailers, and individuals locally and internationally with minimal fees and no middlemen.</div><h4 class=\"about-heading\">Shocked by your supermarket bill?</h4><div class=\"about-text\">When there is no cost to print money, we get inflation and all parts of society feel the pinch. The increasing cost of living crisis in New Zealand and the world is due to the broken monetary policy of Governments who have had the ability to freely print money at zero cost.</div><h4 class=\"about-heading\">Bitcoin fixes this.</h4><div class=\"about-text\">Bitcoin is digital, but it is unique in that it cannot just be printed out of thin air. Bitcoin has a fixed supply backed by the energy of the world\'s largest decentralised network of computers. Every Bitcoin requires a certain amount of real-world energy to generate, which gives it fundamental value.<br><br><strong>Bitcoin is like a better version of the gold standard, but for the digital era.</strong></div><h4 class=\"about-heading\">What does Bitcoin mean for New Zealand?</h4><div class=\"about-text\">Bitcoin enables lower fees, more secure and private transactions, and an alternative to constantly increasing prices caused by Government and Reserve Bank monetary policy.<br><br>What the internet did for the way we interact with information is what bitcoin is doing to the way we use money.</div><h4 class=\"about-heading\">A Positive Social Story</h4><div class=\"about-text\">Beyond a day-to-day asset and payment tool held by tens of thousands of kiwi individuals and businesses**, Bitcoin is a positive social success, and is increasingly being used for remittance payments to developing nations, helping smaller nations avoid the debt trap, and to provide a way around financial censorship.</div><div class=\"about-reference\"><a class=\"link-2\" rel=\"noopener noreferrer\" href=\"https://www.rbnz.govt.nz/-/media/project/sites/rbnz/files/publications/bulletins/2003/2003mar66-1matthews.pdf\" target=\"_blank\">*New Zealand has not had gold-backed money for over a 100 years (RBNZ, Page 45).</a></div><div class=\"about-reference\"><a class=\"link-2\" rel=\"noopener noreferrer\" href=\"https://cfotech.co.nz/story/cryptocurrency-trading-in-nz-below-world-average-but-signs-show-increased-awareness\" target=\"_blank\">**CFO Tech NZ.</a></div>', 5, NULL),
(19, 6, 8, '<h4 class=\"about-heading\">Is Bitcoin legal in New Zealand?</h4><div class=\"about-text\">Yes! In fact the New Zealand government and IRD already permit businesses to pay their staff in Bitcoin, there are registered Financial Service Providers (FSPs) operating in Bitcoin, along with clear statements from both the Government and the Reserve Bank of New Zealand setting a precedent for the legal use of Bitcoin.</div><h4 class=\"about-heading\">Do I have to pay tax on Bitcoin?</h4><div class=\"about-text\">For day-to-day payments, Bitcoin is considered a transfer of money from one form to another. Think of it like a transport card top-up (Snapper, AT Hop, Metrocard, etc).<br><br>If you receive Bitcoin as business income then you will have to pay GST and income tax just the same as if you were receiving dollars. <br><br>See <a rel=\"noopener noreferrer\" href=\"https://www.ird.govt.nz/cryptoassets\" target=\"_blank\">IRD guidance</a></div><h4 class=\"about-heading\">What is the impact of Bitcoin on the environment?</h4><div class=\"about-text\">Bitcoin is powered by a decentralised network of specialised computers called <em>miners. </em>Bitcoin mining secures the network and helps give Bitcoin its value. <br><br>Bitcoin mining requires electricity and is no different than any other use of electrical power. However, mining is unique in that it tends to seek out areas where electricity is renewable, abundant, and low cost. <strong>In New Zealand this means Bitcoin mining is emerging as a key piece of co-locatable infrastructure alongside renewable hydro and wind generation assets.</strong><br><br>Because electrical power is \"use it or lose it\", Bitcoin mining provides an important function as a load-balancing tool for the electrical grid.</div><h4 class=\"about-heading\">Aren\'t there many \"cryptocurrencies\"?</h4><div class=\"about-text\">It is important to understand the difference between Bitcoin and \"Crypto\". There are thousands of get-rich-quick \"cryptocurrencies\" that have emerged over the last few years which are highly volatile and often crash to zero. <br><br>Bitcoin however has been online for over 13 years and is the safest, most popular decentralised digital money we have. Unfortunately a lot of these \"cryptocurrencies\" are marketed alongside Bitcoin on online exchanges and can be confusing.</div><h4 class=\"about-heading\">What about all these hacks and exchanges going bankrupt?</h4><div class=\"about-text\">If you leave your Bitcoin on an exchange your funds may be at risk. It is important to learn to <a rel=\"noopener noreferrer\" href=\"https://acceptbitcoin.nz/\" target=\"_blank\">self-custody your own Bitcoin in your own Bitcoin wallet</a> to keep it safe. If properly custodied, your Bitcoin is controlled only by you and cannot be taken from you.</div><h4 class=\"about-heading\">Where can I buy Bitcoin?</h4><div class=\"about-text\">There are a number of ways to buy Bitcoin in New Zealand, but as mentioned above <strong>it is important to choose the right way to buy and to understand the difference between Bitcoin and \"Crypto\".<br></strong><br>We encourage you to attend a <a href=\"#events\" class=\"ss-broken\">Bitcoin event</a> first to learn more or you can <a href=\"#contact\" class=\"ss-broken\">reach out directly</a>.</div>', 6, NULL),
(20, 4, 12, '<h4 class=\"about-heading\">Bitcoin is a new kind of digital money launched in 2009. Think of Bitcoin like a digital version of gold.</h4><div class=\"about-text\">Bitcoin is native to the internet, and is a global, decentralised and censorship-resistant payment network. Bitcoin can be used by merchants, retailers, and individuals locally and internationally with minimal fees and no middlemen.</div><h4 class=\"about-heading\">Shocked by your supermarket bill?</h4><div class=\"about-text\">When there is no cost to print money, we get inflation and all parts of society feel the pinch. The increasing cost of living crisis in New Zealand and the world is due to the broken monetary policy of Governments who have had the ability to freely print money at zero cost.</div><h4 class=\"about-heading\">Bitcoin fixes this.</h4><div class=\"about-text\">Bitcoin is digital, but it is unique in that it cannot just be printed out of thin air. Bitcoin has a fixed supply backed by the energy of the world\'s largest decentralised network of computers. Every Bitcoin requires a certain amount of real-world energy to generate, which gives it fundamental value.<br><br><strong>Bitcoin is like a better version of the gold standard, but for the digital era.</strong></div><h4 class=\"about-heading\">What does Bitcoin mean for New Zealand?</h4><div class=\"about-text\">Bitcoin enables lower fees, more secure and private transactions, and an alternative to constantly increasing prices caused by Government and Reserve Bank monetary policy.<br><br>What the internet did for the way we interact with information is what bitcoin is doing to the way we use money.</div><h4 class=\"about-heading\">A Positive Social Story</h4><div class=\"about-text\">Beyond a day-to-day asset and payment tool held by tens of thousands of kiwi individuals and businesses**, Bitcoin is a positive social success, and is increasingly being used for remittance payments to developing nations, helping smaller nations avoid the debt trap, and to provide a way around financial censorship.</div><div class=\"about-reference\"><a class=\"link-2\" rel=\"noopener noreferrer\" href=\"https://www.rbnz.govt.nz/-/media/project/sites/rbnz/files/publications/bulletins/2003/2003mar66-1matthews.pdf\" target=\"_blank\">*New Zealand has not had gold-backed money for over a 100 years (RBNZ, Page 45).</a></div><div class=\"about-reference\"><a class=\"link-2\" rel=\"noopener noreferrer\" href=\"https://cfotech.co.nz/story/cryptocurrency-trading-in-nz-below-world-average-but-signs-show-increased-awareness\" target=\"_blank\">**CFO Tech NZ.</a></div>', 5, NULL);
INSERT INTO `TextLeftImageRightElement_Versions` (`ID`, `RecordID`, `Version`, `Text`, `ImageID`, `MenuTitle`) VALUES
(21, 6, 9, '<h4 class=\"about-heading\">Is Bitcoin legal in New Zealand?</h4><div class=\"about-text\">Yes! In fact the New Zealand government and IRD already permit businesses to pay their staff in Bitcoin, there are registered Financial Service Providers (FSPs) operating in Bitcoin, along with clear statements from both the Government and the Reserve Bank of New Zealand setting a precedent for the legal use of Bitcoin.</div><h4 class=\"about-heading\">Do I have to pay tax on Bitcoin?</h4><div class=\"about-text\">For day-to-day payments, Bitcoin is considered a transfer of money from one form to another. Think of it like a transport card top-up (Snapper, AT Hop, Metrocard, etc).<br><br>If you receive Bitcoin as business income then you will have to pay GST and income tax just the same as if you were receiving dollars. <br><br>See <a rel=\"noopener noreferrer\" href=\"https://www.ird.govt.nz/cryptoassets\" target=\"_blank\">IRD guidance</a></div><h4 class=\"about-heading\">What is the impact of Bitcoin on the environment?</h4><div class=\"about-text\">Bitcoin is powered by a decentralised network of specialised computers called <em>miners. </em>Bitcoin mining secures the network and helps give Bitcoin its value. <br><br>Bitcoin mining requires electricity and is no different than any other use of electrical power. However, mining is unique in that it tends to seek out areas where electricity is renewable, abundant, and low cost. <strong>In New Zealand this means Bitcoin mining is emerging as a key piece of co-locatable infrastructure alongside renewable hydro and wind generation assets.</strong><br><br>Because electrical power is \"use it or lose it\", Bitcoin mining provides an important function as a load-balancing tool for the electrical grid.</div><h4 class=\"about-heading\">Aren\'t there many \"cryptocurrencies\"?</h4><div class=\"about-text\">It is important to understand the difference between Bitcoin and \"Crypto\". There are thousands of get-rich-quick \"cryptocurrencies\" that have emerged over the last few years which are highly volatile and often crash to zero. <br><br>Bitcoin however has been online for over 13 years and is the safest, most popular decentralised digital money we have. Unfortunately a lot of these \"cryptocurrencies\" are marketed alongside Bitcoin on online exchanges and can be confusing.</div><h4 class=\"about-heading\">What about all these hacks and exchanges going bankrupt?</h4><div class=\"about-text\">If you leave your Bitcoin on an exchange your funds may be at risk. It is important to learn to <a rel=\"noopener noreferrer\" href=\"https://acceptbitcoin.nz/\" target=\"_blank\">self-custody your own Bitcoin in your own Bitcoin wallet</a> to keep it safe. If properly custodied, your Bitcoin is controlled only by you and cannot be taken from you.</div><h4 class=\"about-heading\">Where can I buy Bitcoin?</h4><div class=\"about-text\">There are a number of ways to buy Bitcoin in New Zealand, but as mentioned above <strong>it is important to choose the right way to buy and to understand the difference between Bitcoin and \"Crypto\".<br></strong><br>We encourage you to attend a <a href=\"#events\" class=\"ss-broken\">Bitcoin event</a> first to learn more or you can <a href=\"#contact\" class=\"ss-broken\">reach out directly</a>.</div>', 6, NULL),
(22, 10, 1, NULL, 0, NULL),
(23, 11, 1, NULL, 0, NULL),
(24, 11, 2, '<div class=\"contact-rich-text w-richtext\">\n<p><strong>NZ Bitcoiners is about connecting Kiwis to Bitcoin. </strong><br><br>Please get in touch if you have a question or would like to know more and we will try and help you directly, or put you in touch with the right people or organisation.<br></p>\n<h3>For general info or media enquiries</h3>\n<p><a href=\"mailto:hello@nzbitcoiners.org\">hello@nzbitcoiners.org</a></p>\n<h3>Come to an event</h3>\n<p>There are regular Bitcoin events organised by different groups in New Zealand.</p>\n<p><a href=\"/#events\" class=\"ss-broken\">See event list</a></p>\n</div>', 8, NULL),
(25, 11, 3, '<div class=\"contact-rich-text w-richtext\">\n<p><strong>NZ Bitcoiners is about connecting Kiwis to Bitcoin. </strong><br><br>Please get in touch if you have a question or would like to know more and we will try and help you directly, or put you in touch with the right people or organisation.<br></p>\n<h3>For general info or media enquiries</h3>\n<p><a href=\"mailto:hello@nzbitcoiners.org\">hello@nzbitcoiners.org</a></p>\n<h3>Come to an event</h3>\n<p>There are regular Bitcoin events organised by different groups in New Zealand.</p>\n<p><a href=\"/#events\" class=\"ss-broken\">See event list</a></p>\n</div>', 8, NULL);

-- --------------------------------------------------------

--
-- Table structure for table `VirtualPage`
--

CREATE TABLE `VirtualPage` (
  `ID` int(11) NOT NULL,
  `VersionID` int(11) NOT NULL DEFAULT '0',
  `CopyContentFromID` int(11) NOT NULL DEFAULT '0'
) ENGINE=InnoDB DEFAULT CHARSET=latin1;

-- --------------------------------------------------------

--
-- Table structure for table `VirtualPage_Live`
--

CREATE TABLE `VirtualPage_Live` (
  `ID` int(11) NOT NULL,
  `VersionID` int(11) NOT NULL DEFAULT '0',
  `CopyContentFromID` int(11) NOT NULL DEFAULT '0'
) ENGINE=InnoDB DEFAULT CHARSET=latin1;

-- --------------------------------------------------------

--
-- Table structure for table `VirtualPage_Versions`
--

CREATE TABLE `VirtualPage_Versions` (
  `ID` int(11) NOT NULL,
  `RecordID` int(11) NOT NULL DEFAULT '0',
  `Version` int(11) NOT NULL DEFAULT '0',
  `VersionID` int(11) NOT NULL DEFAULT '0',
  `CopyContentFromID` int(11) NOT NULL DEFAULT '0'
) ENGINE=InnoDB DEFAULT CHARSET=latin1;

-- --------------------------------------------------------

--
-- Table structure for table `_obsolete_ContactBarElement`
--

CREATE TABLE `_obsolete_ContactBarElement` (
  `ID` int(11) NOT NULL,
  `Text` mediumtext CHARACTER SET utf8mb4 COLLATE utf8mb4_unicode_ci
) ENGINE=InnoDB DEFAULT CHARSET=latin1;

--
-- Dumping data for table `_obsolete_ContactBarElement`
--

INSERT INTO `_obsolete_ContactBarElement` (`ID`, `Text`) VALUES
(5, NULL);

-- --------------------------------------------------------

--
-- Table structure for table `_obsolete_ContactBarElement2`
--

CREATE TABLE `_obsolete_ContactBarElement2` (
  `ID` int(11) NOT NULL,
  `MenuTitle` varchar(255) CHARACTER SET utf8mb4 COLLATE utf8mb4_unicode_ci DEFAULT NULL
) ENGINE=InnoDB DEFAULT CHARSET=latin1;

--
-- Dumping data for table `_obsolete_ContactBarElement2`
--

INSERT INTO `_obsolete_ContactBarElement2` (`ID`, `MenuTitle`) VALUES
(5, NULL);

-- --------------------------------------------------------

--
-- Table structure for table `_obsolete_ContactBarElement_Live`
--

CREATE TABLE `_obsolete_ContactBarElement_Live` (
  `ID` int(11) NOT NULL,
  `Text` mediumtext CHARACTER SET utf8mb4 COLLATE utf8mb4_unicode_ci
) ENGINE=InnoDB DEFAULT CHARSET=latin1;

--
-- Dumping data for table `_obsolete_ContactBarElement_Live`
--

INSERT INTO `_obsolete_ContactBarElement_Live` (`ID`, `Text`) VALUES
(5, NULL);

-- --------------------------------------------------------

--
-- Table structure for table `_obsolete_ContactBarElement_Live2`
--

CREATE TABLE `_obsolete_ContactBarElement_Live2` (
  `ID` int(11) NOT NULL,
  `MenuTitle` varchar(255) CHARACTER SET utf8mb4 COLLATE utf8mb4_unicode_ci DEFAULT NULL
) ENGINE=InnoDB DEFAULT CHARSET=latin1;

--
-- Dumping data for table `_obsolete_ContactBarElement_Live2`
--

INSERT INTO `_obsolete_ContactBarElement_Live2` (`ID`, `MenuTitle`) VALUES
(5, NULL);

-- --------------------------------------------------------

--
-- Table structure for table `_obsolete_ContactBarElement_Versions`
--

CREATE TABLE `_obsolete_ContactBarElement_Versions` (
  `ID` int(11) NOT NULL,
  `RecordID` int(11) NOT NULL DEFAULT '0',
  `Version` int(11) NOT NULL DEFAULT '0',
  `Text` mediumtext CHARACTER SET utf8mb4 COLLATE utf8mb4_unicode_ci
) ENGINE=InnoDB DEFAULT CHARSET=latin1;

--
-- Dumping data for table `_obsolete_ContactBarElement_Versions`
--

INSERT INTO `_obsolete_ContactBarElement_Versions` (`ID`, `RecordID`, `Version`, `Text`) VALUES
(1, 5, 1, NULL),
(2, 5, 2, '<div id=\"follow\" class=\"section section-follow wf-section\">\n<div class=\"social\"><a class=\"social-link-block w-inline-block ss-broken\" href=\"#\"><img src=\"images/social-telegram.svg\" alt=\"\"></a>\n<h3 class=\"social-title\">Telegram</h3>\n<div class=\"social-text\">This is the most used channel for Bitcoin-related discussion.</div>\n<div class=\"hero-link-text\">Join Community Telegram Group</div>\n</div>\n</div>'),
(3, 5, 3, '<div id=\"follow\" class=\"section section-follow wf-section\">\n<div class=\"social\"><a class=\"social-link-block w-inline-block ss-broken\" href=\"#\"><img src=\"images/social-telegram.svg\" alt=\"\"></a>\n<h3 class=\"social-title\">Telegram</h3>\n<div class=\"social-text\">This is the most used channel for Bitcoin-related discussion.</div>\n<div class=\"hero-link-text\">Join Community Telegram Group</div>\n</div>\n</div>'),
(4, 5, 4, '<p><a class=\"social-link-block w-inline-block ss-broken\" href=\"#\"><img src=\"images/social-telegram.svg\" alt=\"\"></a></p><h3 class=\"social-title\">Telegram</h3><div class=\"social-text\">This is the most used channel for Bitcoin-related discussion.</div><p>&nbsp;</p><div class=\"hero-link-text\">Join Community Telegram Group</div>'),
(5, 5, 5, '<p><a class=\"social-link-block w-inline-block ss-broken\" href=\"#\"><img src=\"images/social-telegram.svg\" alt=\"\"></a></p><h3 class=\"social-title\">Telegram</h3><div class=\"social-text\">This is the most used channel for Bitcoin-related discussion.</div><p>&nbsp;</p><div class=\"hero-link-text\">Join Community Telegram Group</div>'),
(6, 5, 6, '<div class=\"follow follow-telegram\"><a class=\"social-link-block w-inline-block ss-broken\" href=\"#\"><img src=\"images/contact-telegram.svg\" alt=\"\"></a>\n<h3 class=\"social-title\">Telegram</h3>\n<div class=\"social-text\">This is the most used channel for <br>Bitcoin-related discussion.</div>\n<div class=\"hero-link-text\">Join Community Telegram</div>\n</div><div class=\"follow follow-email\"><a class=\"social-link-block w-inline-block ss-broken\" href=\"#\"><img src=\"images/contact-email.svg\" alt=\"\"></a>\n<h3 class=\"social-title\">Email</h3>\n<div class=\"social-text\">Reach out by email for <br>more information</div>\n<div class=\"hero-link-text\">hello@nzbitcoiners.org</div>\n</div>'),
(7, 5, 7, '<div class=\"follow follow-telegram\"><a class=\"social-link-block w-inline-block ss-broken\" href=\"#\"><img src=\"images/contact-telegram.svg\" alt=\"\"></a>\n<h3 class=\"social-title\">Telegram</h3>\n<div class=\"social-text\">This is the most used channel for <br>Bitcoin-related discussion.</div>\n<div class=\"hero-link-text\">Join Community Telegram</div>\n</div><div class=\"follow follow-email\"><a class=\"social-link-block w-inline-block ss-broken\" href=\"#\"><img src=\"images/contact-email.svg\" alt=\"\"></a>\n<h3 class=\"social-title\">Email</h3>\n<div class=\"social-text\">Reach out by email for <br>more information</div>\n<div class=\"hero-link-text\">hello@nzbitcoiners.org</div>\n</div>'),
(8, 5, 8, '<div class=\"follow follow-telegram\"><a class=\"social-link-block w-inline-block ss-broken\" href=\"#\"><img src=\"images/contact-telegram.svg\" alt=\"\"></a>\n<h3 class=\"social-title\">Telegram</h3>\n<div class=\"social-text\">This is the most used channel for <br>Bitcoin-related discussion.</div>\n<div class=\"hero-link-text\">Join Community Telegram</div>\n</div><div class=\"follow follow-email\"><a class=\"social-link-block w-inline-block ss-broken\" href=\"#\"><img src=\"images/contact-email.svg\" alt=\"\"></a>\n<h3 class=\"social-title\">Email</h3>\n<div class=\"social-text\">Reach out by email for <br>more information</div>\n<div class=\"hero-link-text\">hello@nzbitcoiners.org</div>\n</div>'),
(9, 5, 9, '<div class=\"follow follow-telegram\"><a class=\"social-link-block w-inline-block ss-broken\" href=\"#\"><img src=\"images/contact-telegram.svg\" alt=\"\"></a>\n<h3 class=\"social-title\">Telegram</h3>\n<div class=\"social-text\">This is the most used channel for <br>Bitcoin-related discussion.</div>\n<div class=\"hero-link-text\">Join Community Telegram</div>\n</div><div class=\"follow follow-email\"><a class=\"social-link-block w-inline-block ss-broken\" href=\"#\"><img src=\"images/contact-email.svg\" alt=\"\"></a>\n<h3 class=\"social-title\">Email</h3>\n<div class=\"social-text\">Reach out by email for <br>more information</div>\n<div class=\"hero-link-text\">hello@nzbitcoiners.org</div>\n</div>'),
(10, 5, 10, NULL),
(11, 5, 11, NULL);

-- --------------------------------------------------------

--
-- Table structure for table `_obsolete_ContactBarElement_Versions2`
--

CREATE TABLE `_obsolete_ContactBarElement_Versions2` (
  `ID` int(11) NOT NULL,
  `RecordID` int(11) NOT NULL DEFAULT '0',
  `Version` int(11) NOT NULL DEFAULT '0',
  `MenuTitle` varchar(255) CHARACTER SET utf8mb4 COLLATE utf8mb4_unicode_ci DEFAULT NULL
) ENGINE=InnoDB DEFAULT CHARSET=latin1;

--
-- Dumping data for table `_obsolete_ContactBarElement_Versions2`
--

INSERT INTO `_obsolete_ContactBarElement_Versions2` (`ID`, `RecordID`, `Version`, `MenuTitle`) VALUES
(1, 5, 12, NULL),
(2, 5, 13, NULL);

--
-- Indexes for dumped tables
--

--
-- Indexes for table `ChangeSet`
--
ALTER TABLE `ChangeSet`
  ADD PRIMARY KEY (`ID`),
  ADD KEY `State` (`State`),
  ADD KEY `ID` (`ID`),
  ADD KEY `ClassName` (`ClassName`),
  ADD KEY `OwnerID` (`OwnerID`),
  ADD KEY `PublisherID` (`PublisherID`);

--
-- Indexes for table `ChangeSetItem`
--
ALTER TABLE `ChangeSetItem`
  ADD PRIMARY KEY (`ID`),
  ADD UNIQUE KEY `ObjectUniquePerChangeSet` (`ObjectID`,`ObjectClass`,`ChangeSetID`),
  ADD KEY `ClassName` (`ClassName`),
  ADD KEY `ChangeSetID` (`ChangeSetID`),
  ADD KEY `Object` (`ObjectID`,`ObjectClass`);

--
-- Indexes for table `ChangeSetItem_ReferencedBy`
--
ALTER TABLE `ChangeSetItem_ReferencedBy`
  ADD PRIMARY KEY (`ID`),
  ADD KEY `ChangeSetItemID` (`ChangeSetItemID`),
  ADD KEY `ChildID` (`ChildID`);

--
-- Indexes for table `Element`
--
ALTER TABLE `Element`
  ADD PRIMARY KEY (`ID`),
  ADD KEY `Sort` (`Sort`),
  ADD KEY `ClassName` (`ClassName`),
  ADD KEY `ParentID` (`ParentID`);

--
-- Indexes for table `ElementalArea`
--
ALTER TABLE `ElementalArea`
  ADD PRIMARY KEY (`ID`),
  ADD KEY `ClassName` (`ClassName`);

--
-- Indexes for table `ElementalArea_Live`
--
ALTER TABLE `ElementalArea_Live`
  ADD PRIMARY KEY (`ID`),
  ADD KEY `ClassName` (`ClassName`);

--
-- Indexes for table `ElementalArea_Versions`
--
ALTER TABLE `ElementalArea_Versions`
  ADD PRIMARY KEY (`ID`),
  ADD KEY `RecordID_Version` (`RecordID`,`Version`),
  ADD KEY `RecordID` (`RecordID`),
  ADD KEY `Version` (`Version`),
  ADD KEY `AuthorID` (`AuthorID`),
  ADD KEY `PublisherID` (`PublisherID`),
  ADD KEY `ClassName` (`ClassName`);

--
-- Indexes for table `ElementalPage`
--
ALTER TABLE `ElementalPage`
  ADD PRIMARY KEY (`ID`),
  ADD KEY `ElementalAreaID` (`ElementalAreaID`);

--
-- Indexes for table `ElementalPage_Live`
--
ALTER TABLE `ElementalPage_Live`
  ADD PRIMARY KEY (`ID`),
  ADD KEY `ElementalAreaID` (`ElementalAreaID`);

--
-- Indexes for table `ElementalPage_Versions`
--
ALTER TABLE `ElementalPage_Versions`
  ADD PRIMARY KEY (`ID`),
  ADD UNIQUE KEY `RecordID_Version` (`RecordID`,`Version`),
  ADD KEY `RecordID` (`RecordID`),
  ADD KEY `Version` (`Version`),
  ADD KEY `ElementalAreaID` (`ElementalAreaID`);

--
-- Indexes for table `ElementContent`
--
ALTER TABLE `ElementContent`
  ADD PRIMARY KEY (`ID`);

--
-- Indexes for table `ElementContent_Live`
--
ALTER TABLE `ElementContent_Live`
  ADD PRIMARY KEY (`ID`);

--
-- Indexes for table `ElementContent_Versions`
--
ALTER TABLE `ElementContent_Versions`
  ADD PRIMARY KEY (`ID`),
  ADD UNIQUE KEY `RecordID_Version` (`RecordID`,`Version`),
  ADD KEY `RecordID` (`RecordID`),
  ADD KEY `Version` (`Version`);

--
-- Indexes for table `Element_Live`
--
ALTER TABLE `Element_Live`
  ADD PRIMARY KEY (`ID`),
  ADD KEY `Sort` (`Sort`),
  ADD KEY `ClassName` (`ClassName`),
  ADD KEY `ParentID` (`ParentID`);

--
-- Indexes for table `Element_Versions`
--
ALTER TABLE `Element_Versions`
  ADD PRIMARY KEY (`ID`),
  ADD KEY `RecordID_Version` (`RecordID`,`Version`),
  ADD KEY `RecordID` (`RecordID`),
  ADD KEY `Version` (`Version`),
  ADD KEY `AuthorID` (`AuthorID`),
  ADD KEY `PublisherID` (`PublisherID`),
  ADD KEY `Sort` (`Sort`),
  ADD KEY `ClassName` (`ClassName`),
  ADD KEY `ParentID` (`ParentID`);

--
-- Indexes for table `ErrorPage`
--
ALTER TABLE `ErrorPage`
  ADD PRIMARY KEY (`ID`);

--
-- Indexes for table `ErrorPage_Live`
--
ALTER TABLE `ErrorPage_Live`
  ADD PRIMARY KEY (`ID`);

--
-- Indexes for table `ErrorPage_Versions`
--
ALTER TABLE `ErrorPage_Versions`
  ADD PRIMARY KEY (`ID`),
  ADD UNIQUE KEY `RecordID_Version` (`RecordID`,`Version`),
  ADD KEY `RecordID` (`RecordID`),
  ADD KEY `Version` (`Version`);

--
-- Indexes for table `Event`
--
ALTER TABLE `Event`
  ADD PRIMARY KEY (`ID`),
  ADD KEY `ClassName` (`ClassName`);

--
-- Indexes for table `EventsElement`
--
ALTER TABLE `EventsElement`
  ADD PRIMARY KEY (`ID`),
  ADD KEY `ImageID` (`ImageID`);

--
-- Indexes for table `EventsElement_Live`
--
ALTER TABLE `EventsElement_Live`
  ADD PRIMARY KEY (`ID`),
  ADD KEY `ImageID` (`ImageID`);

--
-- Indexes for table `EventsElement_Versions`
--
ALTER TABLE `EventsElement_Versions`
  ADD PRIMARY KEY (`ID`),
  ADD UNIQUE KEY `RecordID_Version` (`RecordID`,`Version`),
  ADD KEY `RecordID` (`RecordID`),
  ADD KEY `Version` (`Version`),
  ADD KEY `ImageID` (`ImageID`);

--
-- Indexes for table `File`
--
ALTER TABLE `File`
  ADD PRIMARY KEY (`ID`),
  ADD KEY `Name` (`Name`),
  ADD KEY `ClassName` (`ClassName`),
  ADD KEY `ParentID` (`ParentID`),
  ADD KEY `OwnerID` (`OwnerID`),
  ADD KEY `FileHash` (`FileHash`);

--
-- Indexes for table `FileLink`
--
ALTER TABLE `FileLink`
  ADD PRIMARY KEY (`ID`),
  ADD KEY `ClassName` (`ClassName`),
  ADD KEY `LinkedID` (`LinkedID`),
  ADD KEY `Parent` (`ParentID`,`ParentClass`);

--
-- Indexes for table `File_EditorGroups`
--
ALTER TABLE `File_EditorGroups`
  ADD PRIMARY KEY (`ID`),
  ADD KEY `FileID` (`FileID`),
  ADD KEY `GroupID` (`GroupID`);

--
-- Indexes for table `File_Live`
--
ALTER TABLE `File_Live`
  ADD PRIMARY KEY (`ID`),
  ADD KEY `Name` (`Name`),
  ADD KEY `ClassName` (`ClassName`),
  ADD KEY `ParentID` (`ParentID`),
  ADD KEY `OwnerID` (`OwnerID`),
  ADD KEY `FileHash` (`FileHash`);

--
-- Indexes for table `File_Versions`
--
ALTER TABLE `File_Versions`
  ADD PRIMARY KEY (`ID`),
  ADD KEY `RecordID_Version` (`RecordID`,`Version`),
  ADD KEY `RecordID` (`RecordID`),
  ADD KEY `Version` (`Version`),
  ADD KEY `AuthorID` (`AuthorID`),
  ADD KEY `PublisherID` (`PublisherID`),
  ADD KEY `Name` (`Name`),
  ADD KEY `ClassName` (`ClassName`),
  ADD KEY `ParentID` (`ParentID`),
  ADD KEY `OwnerID` (`OwnerID`),
  ADD KEY `FileHash` (`FileHash`);

--
-- Indexes for table `File_ViewerGroups`
--
ALTER TABLE `File_ViewerGroups`
  ADD PRIMARY KEY (`ID`),
  ADD KEY `FileID` (`FileID`),
  ADD KEY `GroupID` (`GroupID`);

--
-- Indexes for table `Group`
--
ALTER TABLE `Group`
  ADD PRIMARY KEY (`ID`),
  ADD KEY `ClassName` (`ClassName`),
  ADD KEY `ParentID` (`ParentID`),
  ADD KEY `Title` (`Title`),
  ADD KEY `Code` (`Code`),
  ADD KEY `Sort` (`Sort`);

--
-- Indexes for table `Group_Members`
--
ALTER TABLE `Group_Members`
  ADD PRIMARY KEY (`ID`),
  ADD KEY `GroupID` (`GroupID`),
  ADD KEY `MemberID` (`MemberID`);

--
-- Indexes for table `Group_Roles`
--
ALTER TABLE `Group_Roles`
  ADD PRIMARY KEY (`ID`),
  ADD KEY `GroupID` (`GroupID`),
  ADD KEY `PermissionRoleID` (`PermissionRoleID`);

--
-- Indexes for table `HeroBannerElement`
--
ALTER TABLE `HeroBannerElement`
  ADD PRIMARY KEY (`ID`),
  ADD KEY `ImageID` (`ImageID`);

--
-- Indexes for table `HeroBannerElement_Live`
--
ALTER TABLE `HeroBannerElement_Live`
  ADD PRIMARY KEY (`ID`),
  ADD KEY `ImageID` (`ImageID`);

--
-- Indexes for table `HeroBannerElement_Versions`
--
ALTER TABLE `HeroBannerElement_Versions`
  ADD PRIMARY KEY (`ID`),
  ADD UNIQUE KEY `RecordID_Version` (`RecordID`,`Version`),
  ADD KEY `RecordID` (`RecordID`),
  ADD KEY `Version` (`Version`),
  ADD KEY `ImageID` (`ImageID`);

--
-- Indexes for table `LoginAttempt`
--
ALTER TABLE `LoginAttempt`
  ADD PRIMARY KEY (`ID`),
  ADD KEY `ClassName` (`ClassName`),
  ADD KEY `MemberID` (`MemberID`),
  ADD KEY `EmailHashed` (`EmailHashed`);

--
-- Indexes for table `LoginSession`
--
ALTER TABLE `LoginSession`
  ADD PRIMARY KEY (`ID`),
  ADD KEY `LastAccessed` (`LastAccessed`),
  ADD KEY `ClassName` (`ClassName`),
  ADD KEY `MemberID` (`MemberID`);

--
-- Indexes for table `Member`
--
ALTER TABLE `Member`
  ADD PRIMARY KEY (`ID`),
  ADD KEY `Surname` (`Surname`),
  ADD KEY `FirstName` (`FirstName`),
  ADD KEY `ClassName` (`ClassName`),
  ADD KEY `Email` (`Email`);

--
-- Indexes for table `MemberPassword`
--
ALTER TABLE `MemberPassword`
  ADD PRIMARY KEY (`ID`),
  ADD KEY `ClassName` (`ClassName`),
  ADD KEY `MemberID` (`MemberID`);

--
-- Indexes for table `Permission`
--
ALTER TABLE `Permission`
  ADD PRIMARY KEY (`ID`),
  ADD KEY `ClassName` (`ClassName`),
  ADD KEY `GroupID` (`GroupID`),
  ADD KEY `Code` (`Code`);

--
-- Indexes for table `PermissionRole`
--
ALTER TABLE `PermissionRole`
  ADD PRIMARY KEY (`ID`),
  ADD KEY `Title` (`Title`),
  ADD KEY `ClassName` (`ClassName`);

--
-- Indexes for table `PermissionRoleCode`
--
ALTER TABLE `PermissionRoleCode`
  ADD PRIMARY KEY (`ID`),
  ADD KEY `ClassName` (`ClassName`),
  ADD KEY `RoleID` (`RoleID`),
  ADD KEY `Code` (`Code`);

--
-- Indexes for table `Project`
--
ALTER TABLE `Project`
  ADD PRIMARY KEY (`ID`),
  ADD KEY `ClassName` (`ClassName`),
  ADD KEY `ImageID` (`ImageID`);

--
-- Indexes for table `ProjectsListElement`
--
ALTER TABLE `ProjectsListElement`
  ADD PRIMARY KEY (`ID`);

--
-- Indexes for table `ProjectsListElement_Live`
--
ALTER TABLE `ProjectsListElement_Live`
  ADD PRIMARY KEY (`ID`);

--
-- Indexes for table `ProjectsListElement_Versions`
--
ALTER TABLE `ProjectsListElement_Versions`
  ADD PRIMARY KEY (`ID`),
  ADD UNIQUE KEY `RecordID_Version` (`RecordID`,`Version`),
  ADD KEY `RecordID` (`RecordID`),
  ADD KEY `Version` (`Version`);

--
-- Indexes for table `RedirectorPage`
--
ALTER TABLE `RedirectorPage`
  ADD PRIMARY KEY (`ID`),
  ADD KEY `LinkToID` (`LinkToID`),
  ADD KEY `LinkToFileID` (`LinkToFileID`);

--
-- Indexes for table `RedirectorPage_Live`
--
ALTER TABLE `RedirectorPage_Live`
  ADD PRIMARY KEY (`ID`),
  ADD KEY `LinkToID` (`LinkToID`),
  ADD KEY `LinkToFileID` (`LinkToFileID`);

--
-- Indexes for table `RedirectorPage_Versions`
--
ALTER TABLE `RedirectorPage_Versions`
  ADD PRIMARY KEY (`ID`),
  ADD UNIQUE KEY `RecordID_Version` (`RecordID`,`Version`),
  ADD KEY `RecordID` (`RecordID`),
  ADD KEY `Version` (`Version`),
  ADD KEY `LinkToID` (`LinkToID`),
  ADD KEY `LinkToFileID` (`LinkToFileID`);

--
-- Indexes for table `RememberLoginHash`
--
ALTER TABLE `RememberLoginHash`
  ADD PRIMARY KEY (`ID`),
  ADD KEY `ClassName` (`ClassName`),
  ADD KEY `LoginSessionID` (`LoginSessionID`),
  ADD KEY `MemberID` (`MemberID`),
  ADD KEY `DeviceID` (`DeviceID`),
  ADD KEY `Hash` (`Hash`);

--
-- Indexes for table `SiteConfig`
--
ALTER TABLE `SiteConfig`
  ADD PRIMARY KEY (`ID`),
  ADD KEY `ClassName` (`ClassName`),
  ADD KEY `LogoID` (`LogoID`);

--
-- Indexes for table `SiteConfig_CreateTopLevelGroups`
--
ALTER TABLE `SiteConfig_CreateTopLevelGroups`
  ADD PRIMARY KEY (`ID`),
  ADD KEY `SiteConfigID` (`SiteConfigID`),
  ADD KEY `GroupID` (`GroupID`);

--
-- Indexes for table `SiteConfig_EditorGroups`
--
ALTER TABLE `SiteConfig_EditorGroups`
  ADD PRIMARY KEY (`ID`),
  ADD KEY `SiteConfigID` (`SiteConfigID`),
  ADD KEY `GroupID` (`GroupID`);

--
-- Indexes for table `SiteConfig_ViewerGroups`
--
ALTER TABLE `SiteConfig_ViewerGroups`
  ADD PRIMARY KEY (`ID`),
  ADD KEY `SiteConfigID` (`SiteConfigID`),
  ADD KEY `GroupID` (`GroupID`);

--
-- Indexes for table `SiteTree`
--
ALTER TABLE `SiteTree`
  ADD PRIMARY KEY (`ID`),
  ADD KEY `Sort` (`Sort`),
  ADD KEY `ClassName` (`ClassName`),
  ADD KEY `ParentID` (`ParentID`),
  ADD KEY `URLSegment` (`URLSegment`);

--
-- Indexes for table `SiteTreeLink`
--
ALTER TABLE `SiteTreeLink`
  ADD PRIMARY KEY (`ID`),
  ADD KEY `ClassName` (`ClassName`),
  ADD KEY `LinkedID` (`LinkedID`),
  ADD KEY `Parent` (`ParentID`,`ParentClass`);

--
-- Indexes for table `SiteTree_EditorGroups`
--
ALTER TABLE `SiteTree_EditorGroups`
  ADD PRIMARY KEY (`ID`),
  ADD KEY `SiteTreeID` (`SiteTreeID`),
  ADD KEY `GroupID` (`GroupID`);

--
-- Indexes for table `SiteTree_Live`
--
ALTER TABLE `SiteTree_Live`
  ADD PRIMARY KEY (`ID`),
  ADD KEY `Sort` (`Sort`),
  ADD KEY `ClassName` (`ClassName`),
  ADD KEY `ParentID` (`ParentID`),
  ADD KEY `URLSegment` (`URLSegment`);

--
-- Indexes for table `SiteTree_Versions`
--
ALTER TABLE `SiteTree_Versions`
  ADD PRIMARY KEY (`ID`),
  ADD KEY `RecordID_Version` (`RecordID`,`Version`),
  ADD KEY `RecordID` (`RecordID`),
  ADD KEY `Version` (`Version`),
  ADD KEY `AuthorID` (`AuthorID`),
  ADD KEY `PublisherID` (`PublisherID`),
  ADD KEY `Sort` (`Sort`),
  ADD KEY `ClassName` (`ClassName`),
  ADD KEY `ParentID` (`ParentID`),
  ADD KEY `URLSegment` (`URLSegment`);

--
-- Indexes for table `SiteTree_ViewerGroups`
--
ALTER TABLE `SiteTree_ViewerGroups`
  ADD PRIMARY KEY (`ID`),
  ADD KEY `SiteTreeID` (`SiteTreeID`),
  ADD KEY `GroupID` (`GroupID`);

--
-- Indexes for table `TextLeftImageRightElement`
--
ALTER TABLE `TextLeftImageRightElement`
  ADD PRIMARY KEY (`ID`),
  ADD KEY `ImageID` (`ImageID`);

--
-- Indexes for table `TextLeftImageRightElement_Live`
--
ALTER TABLE `TextLeftImageRightElement_Live`
  ADD PRIMARY KEY (`ID`),
  ADD KEY `ImageID` (`ImageID`);

--
-- Indexes for table `TextLeftImageRightElement_Versions`
--
ALTER TABLE `TextLeftImageRightElement_Versions`
  ADD PRIMARY KEY (`ID`),
  ADD UNIQUE KEY `RecordID_Version` (`RecordID`,`Version`),
  ADD KEY `RecordID` (`RecordID`),
  ADD KEY `Version` (`Version`),
  ADD KEY `ImageID` (`ImageID`);

--
-- Indexes for table `VirtualPage`
--
ALTER TABLE `VirtualPage`
  ADD PRIMARY KEY (`ID`),
  ADD KEY `CopyContentFromID` (`CopyContentFromID`);

--
-- Indexes for table `VirtualPage_Live`
--
ALTER TABLE `VirtualPage_Live`
  ADD PRIMARY KEY (`ID`),
  ADD KEY `CopyContentFromID` (`CopyContentFromID`);

--
-- Indexes for table `VirtualPage_Versions`
--
ALTER TABLE `VirtualPage_Versions`
  ADD PRIMARY KEY (`ID`),
  ADD UNIQUE KEY `RecordID_Version` (`RecordID`,`Version`),
  ADD KEY `RecordID` (`RecordID`),
  ADD KEY `Version` (`Version`),
  ADD KEY `CopyContentFromID` (`CopyContentFromID`);

--
-- Indexes for table `_obsolete_ContactBarElement`
--
ALTER TABLE `_obsolete_ContactBarElement`
  ADD PRIMARY KEY (`ID`);

--
-- Indexes for table `_obsolete_ContactBarElement2`
--
ALTER TABLE `_obsolete_ContactBarElement2`
  ADD PRIMARY KEY (`ID`);

--
-- Indexes for table `_obsolete_ContactBarElement_Live`
--
ALTER TABLE `_obsolete_ContactBarElement_Live`
  ADD PRIMARY KEY (`ID`);

--
-- Indexes for table `_obsolete_ContactBarElement_Live2`
--
ALTER TABLE `_obsolete_ContactBarElement_Live2`
  ADD PRIMARY KEY (`ID`);

--
-- Indexes for table `_obsolete_ContactBarElement_Versions`
--
ALTER TABLE `_obsolete_ContactBarElement_Versions`
  ADD PRIMARY KEY (`ID`),
  ADD UNIQUE KEY `RecordID_Version` (`RecordID`,`Version`),
  ADD KEY `RecordID` (`RecordID`),
  ADD KEY `Version` (`Version`);

--
-- Indexes for table `_obsolete_ContactBarElement_Versions2`
--
ALTER TABLE `_obsolete_ContactBarElement_Versions2`
  ADD PRIMARY KEY (`ID`),
  ADD UNIQUE KEY `RecordID_Version` (`RecordID`,`Version`),
  ADD KEY `RecordID` (`RecordID`),
  ADD KEY `Version` (`Version`);

--
-- AUTO_INCREMENT for dumped tables
--

--
-- AUTO_INCREMENT for table `ChangeSet`
--
ALTER TABLE `ChangeSet`
  MODIFY `ID` int(11) NOT NULL AUTO_INCREMENT, AUTO_INCREMENT=56;

--
-- AUTO_INCREMENT for table `ChangeSetItem`
--
ALTER TABLE `ChangeSetItem`
  MODIFY `ID` int(11) NOT NULL AUTO_INCREMENT, AUTO_INCREMENT=337;

--
-- AUTO_INCREMENT for table `ChangeSetItem_ReferencedBy`
--
ALTER TABLE `ChangeSetItem_ReferencedBy`
  MODIFY `ID` int(11) NOT NULL AUTO_INCREMENT, AUTO_INCREMENT=282;

--
-- AUTO_INCREMENT for table `Element`
--
ALTER TABLE `Element`
  MODIFY `ID` int(11) NOT NULL AUTO_INCREMENT, AUTO_INCREMENT=12;

--
-- AUTO_INCREMENT for table `ElementalArea`
--
ALTER TABLE `ElementalArea`
  MODIFY `ID` int(11) NOT NULL AUTO_INCREMENT, AUTO_INCREMENT=5;

--
-- AUTO_INCREMENT for table `ElementalArea_Live`
--
ALTER TABLE `ElementalArea_Live`
  MODIFY `ID` int(11) NOT NULL AUTO_INCREMENT, AUTO_INCREMENT=5;

--
-- AUTO_INCREMENT for table `ElementalArea_Versions`
--
ALTER TABLE `ElementalArea_Versions`
  MODIFY `ID` int(11) NOT NULL AUTO_INCREMENT, AUTO_INCREMENT=7;

--
-- AUTO_INCREMENT for table `ElementalPage`
--
ALTER TABLE `ElementalPage`
  MODIFY `ID` int(11) NOT NULL AUTO_INCREMENT, AUTO_INCREMENT=7;

--
-- AUTO_INCREMENT for table `ElementalPage_Live`
--
ALTER TABLE `ElementalPage_Live`
  MODIFY `ID` int(11) NOT NULL AUTO_INCREMENT, AUTO_INCREMENT=7;

--
-- AUTO_INCREMENT for table `ElementalPage_Versions`
--
ALTER TABLE `ElementalPage_Versions`
  MODIFY `ID` int(11) NOT NULL AUTO_INCREMENT, AUTO_INCREMENT=8;

--
-- AUTO_INCREMENT for table `ElementContent`
--
ALTER TABLE `ElementContent`
  MODIFY `ID` int(11) NOT NULL AUTO_INCREMENT, AUTO_INCREMENT=10;

--
-- AUTO_INCREMENT for table `ElementContent_Live`
--
ALTER TABLE `ElementContent_Live`
  MODIFY `ID` int(11) NOT NULL AUTO_INCREMENT, AUTO_INCREMENT=10;

--
-- AUTO_INCREMENT for table `ElementContent_Versions`
--
ALTER TABLE `ElementContent_Versions`
  MODIFY `ID` int(11) NOT NULL AUTO_INCREMENT, AUTO_INCREMENT=19;

--
-- AUTO_INCREMENT for table `Element_Live`
--
ALTER TABLE `Element_Live`
  MODIFY `ID` int(11) NOT NULL AUTO_INCREMENT, AUTO_INCREMENT=12;

--
-- AUTO_INCREMENT for table `Element_Versions`
--
ALTER TABLE `Element_Versions`
  MODIFY `ID` int(11) NOT NULL AUTO_INCREMENT, AUTO_INCREMENT=97;

--
-- AUTO_INCREMENT for table `ErrorPage`
--
ALTER TABLE `ErrorPage`
  MODIFY `ID` int(11) NOT NULL AUTO_INCREMENT, AUTO_INCREMENT=6;

--
-- AUTO_INCREMENT for table `ErrorPage_Live`
--
ALTER TABLE `ErrorPage_Live`
  MODIFY `ID` int(11) NOT NULL AUTO_INCREMENT, AUTO_INCREMENT=6;

--
-- AUTO_INCREMENT for table `ErrorPage_Versions`
--
ALTER TABLE `ErrorPage_Versions`
  MODIFY `ID` int(11) NOT NULL AUTO_INCREMENT, AUTO_INCREMENT=5;

--
-- AUTO_INCREMENT for table `Event`
--
ALTER TABLE `Event`
  MODIFY `ID` int(11) NOT NULL AUTO_INCREMENT, AUTO_INCREMENT=3;

--
-- AUTO_INCREMENT for table `EventsElement`
--
ALTER TABLE `EventsElement`
  MODIFY `ID` int(11) NOT NULL AUTO_INCREMENT, AUTO_INCREMENT=4;

--
-- AUTO_INCREMENT for table `EventsElement_Live`
--
ALTER TABLE `EventsElement_Live`
  MODIFY `ID` int(11) NOT NULL AUTO_INCREMENT, AUTO_INCREMENT=4;

--
-- AUTO_INCREMENT for table `EventsElement_Versions`
--
ALTER TABLE `EventsElement_Versions`
  MODIFY `ID` int(11) NOT NULL AUTO_INCREMENT, AUTO_INCREMENT=12;

--
-- AUTO_INCREMENT for table `File`
--
ALTER TABLE `File`
  MODIFY `ID` int(11) NOT NULL AUTO_INCREMENT, AUTO_INCREMENT=9;

--
-- AUTO_INCREMENT for table `FileLink`
--
ALTER TABLE `FileLink`
  MODIFY `ID` int(11) NOT NULL AUTO_INCREMENT;

--
-- AUTO_INCREMENT for table `File_EditorGroups`
--
ALTER TABLE `File_EditorGroups`
  MODIFY `ID` int(11) NOT NULL AUTO_INCREMENT;

--
-- AUTO_INCREMENT for table `File_Live`
--
ALTER TABLE `File_Live`
  MODIFY `ID` int(11) NOT NULL AUTO_INCREMENT, AUTO_INCREMENT=9;

--
-- AUTO_INCREMENT for table `File_Versions`
--
ALTER TABLE `File_Versions`
  MODIFY `ID` int(11) NOT NULL AUTO_INCREMENT, AUTO_INCREMENT=17;

--
-- AUTO_INCREMENT for table `File_ViewerGroups`
--
ALTER TABLE `File_ViewerGroups`
  MODIFY `ID` int(11) NOT NULL AUTO_INCREMENT;

--
-- AUTO_INCREMENT for table `Group`
--
ALTER TABLE `Group`
  MODIFY `ID` int(11) NOT NULL AUTO_INCREMENT, AUTO_INCREMENT=3;

--
-- AUTO_INCREMENT for table `Group_Members`
--
ALTER TABLE `Group_Members`
  MODIFY `ID` int(11) NOT NULL AUTO_INCREMENT, AUTO_INCREMENT=2;

--
-- AUTO_INCREMENT for table `Group_Roles`
--
ALTER TABLE `Group_Roles`
  MODIFY `ID` int(11) NOT NULL AUTO_INCREMENT;

--
-- AUTO_INCREMENT for table `HeroBannerElement`
--
ALTER TABLE `HeroBannerElement`
  MODIFY `ID` int(11) NOT NULL AUTO_INCREMENT, AUTO_INCREMENT=3;

--
-- AUTO_INCREMENT for table `HeroBannerElement_Live`
--
ALTER TABLE `HeroBannerElement_Live`
  MODIFY `ID` int(11) NOT NULL AUTO_INCREMENT, AUTO_INCREMENT=3;

--
-- AUTO_INCREMENT for table `HeroBannerElement_Versions`
--
ALTER TABLE `HeroBannerElement_Versions`
  MODIFY `ID` int(11) NOT NULL AUTO_INCREMENT, AUTO_INCREMENT=18;

--
-- AUTO_INCREMENT for table `LoginAttempt`
--
ALTER TABLE `LoginAttempt`
  MODIFY `ID` int(11) NOT NULL AUTO_INCREMENT, AUTO_INCREMENT=3;

--
-- AUTO_INCREMENT for table `LoginSession`
--
ALTER TABLE `LoginSession`
  MODIFY `ID` int(11) NOT NULL AUTO_INCREMENT, AUTO_INCREMENT=3;

--
-- AUTO_INCREMENT for table `Member`
--
ALTER TABLE `Member`
  MODIFY `ID` int(11) NOT NULL AUTO_INCREMENT, AUTO_INCREMENT=2;

--
-- AUTO_INCREMENT for table `MemberPassword`
--
ALTER TABLE `MemberPassword`
  MODIFY `ID` int(11) NOT NULL AUTO_INCREMENT, AUTO_INCREMENT=2;

--
-- AUTO_INCREMENT for table `Permission`
--
ALTER TABLE `Permission`
  MODIFY `ID` int(11) NOT NULL AUTO_INCREMENT, AUTO_INCREMENT=6;

--
-- AUTO_INCREMENT for table `PermissionRole`
--
ALTER TABLE `PermissionRole`
  MODIFY `ID` int(11) NOT NULL AUTO_INCREMENT;

--
-- AUTO_INCREMENT for table `PermissionRoleCode`
--
ALTER TABLE `PermissionRoleCode`
  MODIFY `ID` int(11) NOT NULL AUTO_INCREMENT;

--
-- AUTO_INCREMENT for table `Project`
--
ALTER TABLE `Project`
  MODIFY `ID` int(11) NOT NULL AUTO_INCREMENT, AUTO_INCREMENT=2;

--
-- AUTO_INCREMENT for table `ProjectsListElement`
--
ALTER TABLE `ProjectsListElement`
  MODIFY `ID` int(11) NOT NULL AUTO_INCREMENT, AUTO_INCREMENT=8;

--
-- AUTO_INCREMENT for table `ProjectsListElement_Live`
--
ALTER TABLE `ProjectsListElement_Live`
  MODIFY `ID` int(11) NOT NULL AUTO_INCREMENT, AUTO_INCREMENT=8;

--
-- AUTO_INCREMENT for table `ProjectsListElement_Versions`
--
ALTER TABLE `ProjectsListElement_Versions`
  MODIFY `ID` int(11) NOT NULL AUTO_INCREMENT, AUTO_INCREMENT=8;

--
-- AUTO_INCREMENT for table `RedirectorPage`
--
ALTER TABLE `RedirectorPage`
  MODIFY `ID` int(11) NOT NULL AUTO_INCREMENT;

--
-- AUTO_INCREMENT for table `RedirectorPage_Live`
--
ALTER TABLE `RedirectorPage_Live`
  MODIFY `ID` int(11) NOT NULL AUTO_INCREMENT;

--
-- AUTO_INCREMENT for table `RedirectorPage_Versions`
--
ALTER TABLE `RedirectorPage_Versions`
  MODIFY `ID` int(11) NOT NULL AUTO_INCREMENT;

--
-- AUTO_INCREMENT for table `RememberLoginHash`
--
ALTER TABLE `RememberLoginHash`
  MODIFY `ID` int(11) NOT NULL AUTO_INCREMENT, AUTO_INCREMENT=3;

--
-- AUTO_INCREMENT for table `SiteConfig`
--
ALTER TABLE `SiteConfig`
  MODIFY `ID` int(11) NOT NULL AUTO_INCREMENT, AUTO_INCREMENT=2;

--
-- AUTO_INCREMENT for table `SiteConfig_CreateTopLevelGroups`
--
ALTER TABLE `SiteConfig_CreateTopLevelGroups`
  MODIFY `ID` int(11) NOT NULL AUTO_INCREMENT;

--
-- AUTO_INCREMENT for table `SiteConfig_EditorGroups`
--
ALTER TABLE `SiteConfig_EditorGroups`
  MODIFY `ID` int(11) NOT NULL AUTO_INCREMENT;

--
-- AUTO_INCREMENT for table `SiteConfig_ViewerGroups`
--
ALTER TABLE `SiteConfig_ViewerGroups`
  MODIFY `ID` int(11) NOT NULL AUTO_INCREMENT;

--
-- AUTO_INCREMENT for table `SiteTree`
--
ALTER TABLE `SiteTree`
  MODIFY `ID` int(11) NOT NULL AUTO_INCREMENT, AUTO_INCREMENT=7;

--
-- AUTO_INCREMENT for table `SiteTreeLink`
--
ALTER TABLE `SiteTreeLink`
  MODIFY `ID` int(11) NOT NULL AUTO_INCREMENT;

--
-- AUTO_INCREMENT for table `SiteTree_EditorGroups`
--
ALTER TABLE `SiteTree_EditorGroups`
  MODIFY `ID` int(11) NOT NULL AUTO_INCREMENT;

--
-- AUTO_INCREMENT for table `SiteTree_Live`
--
ALTER TABLE `SiteTree_Live`
  MODIFY `ID` int(11) NOT NULL AUTO_INCREMENT, AUTO_INCREMENT=7;

--
-- AUTO_INCREMENT for table `SiteTree_Versions`
--
ALTER TABLE `SiteTree_Versions`
  MODIFY `ID` int(11) NOT NULL AUTO_INCREMENT, AUTO_INCREMENT=24;

--
-- AUTO_INCREMENT for table `SiteTree_ViewerGroups`
--
ALTER TABLE `SiteTree_ViewerGroups`
  MODIFY `ID` int(11) NOT NULL AUTO_INCREMENT;

--
-- AUTO_INCREMENT for table `TextLeftImageRightElement`
--
ALTER TABLE `TextLeftImageRightElement`
  MODIFY `ID` int(11) NOT NULL AUTO_INCREMENT, AUTO_INCREMENT=12;

--
-- AUTO_INCREMENT for table `TextLeftImageRightElement_Live`
--
ALTER TABLE `TextLeftImageRightElement_Live`
  MODIFY `ID` int(11) NOT NULL AUTO_INCREMENT, AUTO_INCREMENT=12;

--
-- AUTO_INCREMENT for table `TextLeftImageRightElement_Versions`
--
ALTER TABLE `TextLeftImageRightElement_Versions`
  MODIFY `ID` int(11) NOT NULL AUTO_INCREMENT, AUTO_INCREMENT=26;

--
-- AUTO_INCREMENT for table `VirtualPage`
--
ALTER TABLE `VirtualPage`
  MODIFY `ID` int(11) NOT NULL AUTO_INCREMENT;

--
-- AUTO_INCREMENT for table `VirtualPage_Live`
--
ALTER TABLE `VirtualPage_Live`
  MODIFY `ID` int(11) NOT NULL AUTO_INCREMENT;

--
-- AUTO_INCREMENT for table `VirtualPage_Versions`
--
ALTER TABLE `VirtualPage_Versions`
  MODIFY `ID` int(11) NOT NULL AUTO_INCREMENT;

--
-- AUTO_INCREMENT for table `_obsolete_ContactBarElement`
--
ALTER TABLE `_obsolete_ContactBarElement`
  MODIFY `ID` int(11) NOT NULL AUTO_INCREMENT, AUTO_INCREMENT=6;

--
-- AUTO_INCREMENT for table `_obsolete_ContactBarElement2`
--
ALTER TABLE `_obsolete_ContactBarElement2`
  MODIFY `ID` int(11) NOT NULL AUTO_INCREMENT, AUTO_INCREMENT=6;

--
-- AUTO_INCREMENT for table `_obsolete_ContactBarElement_Live`
--
ALTER TABLE `_obsolete_ContactBarElement_Live`
  MODIFY `ID` int(11) NOT NULL AUTO_INCREMENT, AUTO_INCREMENT=6;

--
-- AUTO_INCREMENT for table `_obsolete_ContactBarElement_Live2`
--
ALTER TABLE `_obsolete_ContactBarElement_Live2`
  MODIFY `ID` int(11) NOT NULL AUTO_INCREMENT, AUTO_INCREMENT=6;

--
-- AUTO_INCREMENT for table `_obsolete_ContactBarElement_Versions`
--
ALTER TABLE `_obsolete_ContactBarElement_Versions`
  MODIFY `ID` int(11) NOT NULL AUTO_INCREMENT, AUTO_INCREMENT=12;

--
-- AUTO_INCREMENT for table `_obsolete_ContactBarElement_Versions2`
--
ALTER TABLE `_obsolete_ContactBarElement_Versions2`
  MODIFY `ID` int(11) NOT NULL AUTO_INCREMENT, AUTO_INCREMENT=3;
COMMIT;

/*!40101 SET CHARACTER_SET_CLIENT=@OLD_CHARACTER_SET_CLIENT */;
/*!40101 SET CHARACTER_SET_RESULTS=@OLD_CHARACTER_SET_RESULTS */;
/*!40101 SET COLLATION_CONNECTION=@OLD_COLLATION_CONNECTION */;
